date,open,high,low,close,adj_close,volume
2019-05-01,294.7200012207031,294.95001220703125,291.79998779296875,291.80999755859375,281.453369140625,71671900
2019-05-02,291.67999267578125,292.70001220703125,289.5199890136719,291.17999267578125,280.8456726074219,65030200
2019-05-03,292.82000732421875,294.3399963378906,291.29998779296875,294.0299987792969,283.5945739746094,56543700
2019-05-06,289.25,293.30999755859375,288.8999938964844,292.82000732421875,282.4275207519531,107198100
2019-05-07,290.1499938964844,290.80999755859375,285.80999755859375,287.92999267578125,277.7110290527344,144729900
2019-05-08,287.5299987792969,289.42999267578125,286.8699951171875,287.5299987792969,277.32525634765625,91568300
2019-05-09,285.2300109863281,287.3299865722656,283.29998779296875,286.6600036621094,276.48614501953125,103471100
2019-05-10,285.6199951171875,288.94000244140625,282.29998779296875,288.1000061035156,277.87506103515625,112429300
2019-05-13,282.4200134277344,283.489990234375,279.92999267578125,280.8599853515625,270.8919677734375,127290500
2019-05-14,281.989990234375,285.1000061035156,281.8500061035156,283.3999938964844,273.3418273925781,77003200
2019-05-15,281.5899963378906,285.7699890136719,281.3599853515625,285.05999755859375,274.9429016113281,73956400
2019-05-16,285.8399963378906,289.2099914550781,285.760009765625,287.70001220703125,277.4892272949219,76749600
2019-05-17,285.1400146484375,288.6000061035156,285.1199951171875,285.8399963378906,275.6951904296875,100353000
2019-05-20,284.05999755859375,285.9599914550781,283.1199951171875,283.95001220703125,273.8723449707031,62877600
2019-05-21,285.8299865722656,286.92999267578125,285.54998779296875,286.510009765625,276.3414306640625,46847100
2019-05-22,285.45001220703125,286.69000244140625,285.1000061035156,285.6300048828125,275.49267578125,49482500
2019-05-23,283.1600036621094,283.2099914550781,280.57000732421875,282.1400146484375,272.12652587890625,98733800
2019-05-24,283.739990234375,284.20001220703125,282.0899963378906,282.7799987792969,272.74383544921875,55268100
2019-05-28,283.0899963378906,284.1499938964844,280.1300048828125,280.1499938964844,270.2071533203125,70029400
2019-05-29,278.9100036621094,279.3599853515625,276.7099914550781,278.2699890136719,268.3939514160156,104972900
2019-05-30,279.1099853515625,280.0400085449219,277.80999755859375,279.0299987792969,269.1269226074219,62523800
2019-05-31,276.20001220703125,277.1199951171875,275.239990234375,275.2699890136719,265.5003967285156,86862800
2019-06-03,275.30999755859375,276.54998779296875,273.0899963378906,274.57000732421875,264.8251953125,96428000
2019-06-04,277.1199951171875,280.67999267578125,276.6199951171875,280.5299987792969,270.57366943359375,77231900
2019-06-05,282.3299865722656,282.989990234375,280.32000732421875,282.9599914550781,272.9174499511719,71169700
2019-06-06,283.2900085449219,285.54998779296875,282.57000732421875,284.79998779296875,274.6921081542969,69430400
2019-06-07,285.92999267578125,288.8500061035156,285.739990234375,287.6499938964844,277.44097900390625,74272200
2019-06-10,289.3699951171875,290.82000732421875,288.8699951171875,288.9700012207031,278.714111328125,60799100
2019-06-11,290.989990234375,291.3999938964844,288.17999267578125,288.8999938964844,278.6466369628906,58641300
2019-06-12,288.6400146484375,289.260009765625,287.82000732421875,288.3900146484375,278.1547546386719,47096300
2019-06-13,289.3999938964844,289.9800109863281,288.6199951171875,289.5799865722656,279.3024597167969,48945200
2019-06-14,289.260009765625,289.92999267578125,288.4100036621094,289.260009765625,278.9938659667969,52324700
2019-06-17,289.5199890136719,290.2200012207031,289.17999267578125,289.3699951171875,279.1000061035156,39205700
2019-06-18,291.3900146484375,293.57000732421875,290.989990234375,292.3999938964844,282.0224304199219,85434800
2019-06-19,292.54998779296875,293.6499938964844,291.4700012207031,293.05999755859375,282.65899658203125,78674400
2019-06-20,296.0400085449219,296.30999755859375,293.1300048828125,295.8599853515625,285.3595886230469,116570000
2019-06-21,294.1300048828125,295.5199890136719,293.760009765625,294.0,284.94482421875,83309500
2019-06-24,294.2300109863281,294.5799865722656,293.4700012207031,293.6400146484375,284.5959167480469,47582700
2019-06-25,293.70001220703125,293.7300109863281,290.6400146484375,290.760009765625,281.8045654296875,82028700
2019-06-26,291.75,292.30999755859375,290.3500061035156,290.4700012207031,281.52349853515625,51584900
2019-06-27,291.30999755859375,292.05999755859375,290.8900146484375,291.5,282.52178955078125,40355200
2019-06-28,292.5799865722656,293.54998779296875,292.010009765625,293.0,283.9755859375,59350900
2019-07-01,296.67999267578125,296.9200134277344,294.3299865722656,295.6600036621094,286.5536804199219,78705600
2019-07-02,295.6099853515625,296.489990234375,294.67999267578125,296.42999267578125,287.29998779296875,61504500
2019-07-03,297.17999267578125,298.82000732421875,297.0199890136719,298.79998779296875,289.5969543457031,40898900
2019-07-05,297.44000244140625,298.6400146484375,296.010009765625,298.4599914550781,289.2674255371094,51677300
2019-07-08,297.010009765625,298.260009765625,296.2200012207031,296.82000732421875,287.677978515625,45841800
2019-07-09,295.5400085449219,297.5199890136719,295.4800109863281,297.19000244140625,288.0365295410156,41101300
2019-07-10,298.3699951171875,299.6600036621094,297.7799987792969,298.6099853515625,289.4128112792969,58448500
2019-07-11,299.32000732421875,299.5799865722656,298.20001220703125,299.30999755859375,290.0912170410156,50826100
2019-07-12,299.8500061035156,300.7300109863281,299.510009765625,300.6499938964844,291.3899841308594,40326000
2019-07-15,301.1300048828125,301.1300048828125,300.19000244140625,300.75,291.4868469238281,33900000
2019-07-16,300.6499938964844,300.8800048828125,299.44000244140625,299.7799987792969,290.54681396484375,36650100
2019-07-17,299.75,299.92999267578125,297.739990234375,297.739990234375,288.569580078125,36036300
2019-07-18,297.19000244140625,299.25,296.70001220703125,298.8299865722656,289.62603759765625,51392600
2019-07-19,300.0400085449219,300.07000732421875,296.9800109863281,297.1700134277344,288.01715087890625,58678600
2019-07-22,297.6099853515625,298.5,297.0400085449219,297.8999938964844,288.7246398925781,43638100
2019-07-23,299.1400146484375,300.0299987792969,298.2200012207031,300.0299987792969,290.7890930175781,44564500
2019-07-24,299.19000244140625,301.44000244140625,299.0899963378906,301.44000244140625,292.1556396484375,47213200
2019-07-25,300.94000244140625,301.0,299.1099853515625,300.0,290.760009765625,55394100
2019-07-26,300.760009765625,302.2300109863281,300.6199951171875,302.010009765625,292.7080383300781,45084100
2019-07-29,301.8800048828125,302.010009765625,300.8500061035156,301.4599914550781,292.17498779296875,38126500
2019-07-30,299.9100036621094,301.1700134277344,299.489990234375,300.7200012207031,291.45782470703125,45849000
2019-07-31,300.989990234375,301.20001220703125,295.20001220703125,297.42999267578125,288.2691650390625,104245200
2019-08-01,297.6000061035156,300.8699951171875,293.9599914550781,294.8399963378906,285.7589416503906,142646600
2019-08-02,293.8500061035156,294.1199951171875,290.8999938964844,292.6199951171875,283.6073303222656,116749700
2019-08-05,288.0899963378906,288.2099914550781,281.7200012207031,283.82000732421875,275.078369140625,178745400
2019-08-06,285.9100036621094,288.0400085449219,284.2799987792969,287.79998779296875,278.9357604980469,120711700
2019-08-07,284.3999938964844,288.82000732421875,282.0400085449219,287.9700012207031,279.1005554199219,140572300
2019-08-08,289.6199951171875,293.6199951171875,289.010009765625,293.6199951171875,284.57647705078125,87713900
2019-08-09,292.5799865722656,293.239990234375,289.6499938964844,291.6199951171875,282.6380615234375,93730000
2019-08-12,289.9599914550781,291.6099853515625,287.0199890136719,288.07000732421875,279.1974792480469,65527600
2019-08-13,287.739990234375,294.1499938964844,287.3599853515625,292.54998779296875,283.5393981933594,94299800
2019-08-14,288.07000732421875,288.739990234375,283.760009765625,283.8999938964844,275.1558532714844,135622100
2019-08-15,284.8800048828125,285.6400146484375,282.3900146484375,284.6499938964844,275.8827819824219,99556600
2019-08-16,286.4800109863281,289.3299865722656,284.7099914550781,288.8500061035156,279.9533996582031,83018300
2019-08-19,292.19000244140625,293.0799865722656,291.44000244140625,292.3299865722656,283.32623291015625,53571800
2019-08-20,291.7699890136719,292.3599853515625,289.95001220703125,290.0899963378906,281.15521240234375,51596400
2019-08-21,292.4800109863281,292.8599853515625,291.7200012207031,292.45001220703125,283.4425354003906,49524700
2019-08-22,293.2300109863281,293.92999267578125,290.3999938964844,292.3599853515625,283.35528564453125,51666400
2019-08-23,290.9200134277344,292.760009765625,283.4700012207031,284.8500061035156,276.07659912109375,149161500
2019-08-26,287.2699890136719,288.0,285.5799865722656,288.0,279.1296081542969,72423800
2019-08-27,289.5400085449219,289.95001220703125,286.0299987792969,286.8699951171875,278.034423828125,66668900
2019-08-28,286.1400146484375,289.07000732421875,285.25,288.8900146484375,279.9922180175781,59696700
2019-08-29,291.7200012207031,293.1600036621094,290.6099853515625,292.5799865722656,283.5685119628906,57899400
2019-08-30,294.2200012207031,294.239990234375,291.4200134277344,292.45001220703125,283.4425354003906,62901200
2019-09-03,290.57000732421875,291.5799865722656,289.2699890136719,290.739990234375,281.7851867675781,69101400
2019-09-04,293.1400146484375,294.05999755859375,292.30999755859375,294.0400085449219,284.98358154296875,46887300
2019-09-05,296.7900085449219,298.8299865722656,294.0,297.82000732421875,288.6471252441406,83258100
2019-09-06,298.1700134277344,298.760009765625,297.4200134277344,298.04998779296875,288.8700866699219,49584300
2019-09-09,299.1400146484375,299.239990234375,297.1600036621094,298.20001220703125,289.0154113769531,51260300
2019-09-10,297.3599853515625,298.20001220703125,295.9700012207031,298.1300048828125,288.94757080078125,57947100
2019-09-11,298.4700012207031,300.3399963378906,297.75,300.25,291.0022888183594,68821100
2019-09-12,301.25,302.4599914550781,300.4100036621094,301.2900085449219,292.0102844238281,72908700
2019-09-13,301.7799987792969,302.1700134277344,300.67999267578125,301.0899963378906,291.8164367675781,62104800
2019-09-16,299.8399963378906,301.1400146484375,299.45001220703125,300.1600036621094,290.9150695800781,58191200
2019-09-17,299.94000244140625,301.0199890136719,299.75,300.9200134277344,291.65167236328125,41475500
2019-09-18,300.489990234375,301.2200012207031,298.239990234375,301.1000061035156,291.82611083984375,73375800
2019-09-19,301.5299987792969,302.6300048828125,300.7099914550781,301.0799865722656,291.80670166015625,76560500
2019-09-20,300.3599853515625,300.6700134277344,297.4100036621094,298.2799987792969,290.4280090332031,89565000
2019-09-23,297.54998779296875,299.0,297.2699890136719,298.2099914550781,290.3598327636719,43476800
2019-09-24,299.4100036621094,299.8399963378906,294.80999755859375,295.8699951171875,288.08148193359375,94869400
2019-09-25,295.9599914550781,298.1099853515625,294.3299865722656,297.6199951171875,289.7853698730469,71854000
2019-09-26,297.6300048828125,297.8599853515625,295.45001220703125,297.0,289.18170166015625,56179700
2019-09-27,297.8299865722656,297.95001220703125,293.69000244140625,295.3999938964844,287.6238098144531,84746600
2019-09-30,295.9700012207031,297.54998779296875,295.9200134277344,296.7699890136719,288.957763671875,51662400
2019-10-01,297.739990234375,298.4599914550781,293.0,293.239990234375,285.5206298828125,88242400
2019-10-02,291.5,291.510009765625,286.6400146484375,288.05999755859375,280.47705078125,122539500
2019-10-03,287.80999755859375,290.45001220703125,284.82000732421875,290.4200134277344,282.7749328613281,85278800
2019-10-04,291.1400146484375,294.6300048828125,291.0799865722656,294.3500061035156,286.6014709472656,65091200
2019-10-07,293.4700012207031,295.260009765625,292.7699890136719,293.0799865722656,285.3648376464844,59610500
2019-10-08,291.0400085449219,291.8500061035156,288.489990234375,288.5299987792969,280.9346618652344,95708100
2019-10-09,290.75,292.29998779296875,290.05999755859375,291.2699890136719,283.6025390625,62359400
2019-10-10,291.17999267578125,294.2099914550781,291.0,293.239990234375,285.5206298828125,55296300
2019-10-11,296.2699890136719,298.739990234375,296.1400146484375,296.2799987792969,288.4806213378906,98720400
2019-10-14,295.92999267578125,296.6700134277344,295.57000732421875,295.95001220703125,288.1593322753906,40394800
2019-10-15,297.1000061035156,299.70001220703125,296.9700012207031,298.8800048828125,291.01220703125,46754500
2019-10-16,298.3699951171875,299.1600036621094,297.9200134277344,298.3999938964844,290.54486083984375,48928200
2019-10-17,299.67999267578125,300.239990234375,298.5199890136719,299.2799987792969,291.40167236328125,45736600
2019-10-18,298.69000244140625,299.3999938964844,297.0299987792969,297.9700012207031,290.12615966796875,64304000
2019-10-21,299.4200134277344,300.2099914550781,298.94000244140625,299.989990234375,292.09295654296875,39048600
2019-10-22,300.5799865722656,300.8999938964844,298.9100036621094,299.010009765625,291.13873291015625,48594700
2019-10-23,298.7300109863281,299.94000244140625,298.5,299.8800048828125,291.98590087890625,34352200
2019-10-24,300.9100036621094,301.07000732421875,299.4599914550781,300.3699951171875,292.4630126953125,35453100
2019-10-25,299.739990234375,302.20001220703125,299.67999267578125,301.6000061035156,293.6606140136719,45205400
2019-10-28,302.94000244140625,303.8500061035156,302.9100036621094,303.29998779296875,295.3158264160156,42147000
2019-10-29,303.0,304.2300109863281,302.8599853515625,303.2099914550781,295.2281799316406,44284900
2019-10-30,303.42999267578125,304.54998779296875,301.989990234375,304.1400146484375,296.1337585449219,49643900
2019-10-31,304.1300048828125,304.1300048828125,301.7300109863281,303.3299865722656,295.3450622558594,69053800
2019-11-01,304.9200134277344,306.19000244140625,304.739990234375,306.1400146484375,298.0811462402344,71141500
2019-11-04,307.8500061035156,308.0,306.9599914550781,307.3699951171875,299.2787170410156,60606900
2019-11-05,307.5899963378906,307.9200134277344,306.7099914550781,307.0299987792969,298.9476623535156,42933200
2019-11-06,307.0299987792969,307.3999938964844,306.05999755859375,307.1000061035156,299.01580810546875,46487100
2019-11-07,308.57000732421875,309.6499938964844,307.6600036621094,308.17999267578125,300.0674133300781,54272300
2019-11-08,307.79998779296875,309.0,307.0299987792969,308.94000244140625,300.80743408203125,49032100
2019-11-11,307.4200134277344,308.5400085449219,307.2699890136719,308.3500061035156,300.2329406738281,35797300
2019-11-12,308.75,309.989990234375,308.1499938964844,309.0,300.8657531738281,46484600
2019-11-13,307.9100036621094,309.5400085449219,307.6600036621094,309.1000061035156,300.9631652832031,53917700
2019-11-14,308.7900085449219,309.6400146484375,308.0899963378906,309.54998779296875,301.40130615234375,51219900
2019-11-15,311.0199890136719,311.8399963378906,310.260009765625,311.7900085449219,303.5823669433594,62023600
2019-11-18,311.5299987792969,312.2799987792969,311.0299987792969,312.0199890136719,303.8062744140625,49228000
2019-11-19,312.67999267578125,312.69000244140625,311.2200012207031,311.92999267578125,303.71868896484375,67804700
2019-11-20,311.2799987792969,311.8500061035156,309.05999755859375,310.7699890136719,302.5892333984375,79406200
2019-11-21,310.8900146484375,311.010009765625,309.3900146484375,310.2699890136719,302.10235595703125,54664700
2019-11-22,311.0899963378906,311.239990234375,309.8500061035156,310.9599914550781,302.77423095703125,44850200
2019-11-25,311.9800109863281,313.3699951171875,311.9800109863281,313.3699951171875,305.12078857421875,48647200
2019-11-26,313.4100036621094,314.2799987792969,313.05999755859375,314.0799865722656,305.81207275390625,37569000
2019-11-27,314.6099853515625,315.4800109863281,314.3699951171875,315.4800109863281,307.1752624511719,44444600
2019-11-29,314.8599853515625,315.1300048828125,314.05999755859375,314.30999755859375,306.0360107421875,36592700
2019-12-02,314.5899963378906,314.6600036621094,311.1700134277344,311.6400146484375,303.4363098144531,75767800
2019-12-03,308.6499938964844,309.6400146484375,307.1300048828125,309.54998779296875,301.40130615234375,73941700
2019-12-04,310.70001220703125,312.1199951171875,310.32000732421875,311.4599914550781,303.2610168457031,49080000
2019-12-05,312.2300109863281,312.25,310.5799865722656,312.0199890136719,303.8062744140625,40709000
2019-12-06,314.1199951171875,315.30999755859375,314.1099853515625,314.8699951171875,306.5812683105469,48927000
2019-12-09,314.44000244140625,315.17999267578125,313.79998779296875,313.8800048828125,305.6173400878906,34838500
2019-12-10,313.82000732421875,314.54998779296875,312.80999755859375,313.5299987792969,305.27655029296875,52649800
2019-12-11,314.0299987792969,314.70001220703125,313.44000244140625,314.4200134277344,306.14312744140625,53429100
2019-12-12,314.42999267578125,317.989990234375,314.1700134277344,317.1300048828125,308.78179931640625,96389600
2019-12-13,316.8699951171875,318.6700134277344,316.0199890136719,317.32000732421875,308.966796875,81503900
2019-12-16,319.2200012207031,320.1499938964844,317.25,319.5,311.0893859863281,82749700
2019-12-17,319.9200134277344,320.25,319.4800109863281,319.57000732421875,311.1575622558594,61097700
2019-12-18,320.0,320.25,319.5299987792969,319.5899963378906,311.1770324707031,48133000
2019-12-19,319.79998779296875,320.9800109863281,319.5199890136719,320.8999938964844,312.4525451660156,85310500
2019-12-20,320.4599914550781,321.9700012207031,319.3900146484375,320.7300109863281,313.8224182128906,147142100
2019-12-23,321.5899963378906,321.6499938964844,321.05999755859375,321.2200012207031,314.3018493652344,52990000
2019-12-24,321.4700012207031,321.5199890136719,320.8999938964844,321.2300109863281,314.3116455078125,20270000
2019-12-26,321.6499938964844,322.95001220703125,321.6400146484375,322.94000244140625,315.98480224609375,30911200
2019-12-27,323.739990234375,323.79998779296875,322.2799987792969,322.8599853515625,315.906494140625,42528800
2019-12-30,322.95001220703125,323.1000061035156,320.54998779296875,321.0799865722656,314.16485595703125,49729100
2019-12-31,320.5299987792969,322.1300048828125,320.1499938964844,321.8599853515625,314.92803955078125,57077300
2020-01-02,323.5400085449219,324.8900146484375,322.5299987792969,324.8699951171875,317.8731994628906,59151200
2020-01-03,321.1600036621094,323.6400146484375,321.1000061035156,322.4100036621094,315.4662170410156,77709700
2020-01-06,320.489990234375,323.7300109863281,320.3599853515625,323.6400146484375,316.66973876953125,55653900
2020-01-07,323.0199890136719,323.5400085449219,322.239990234375,322.7300109863281,315.7793273925781,40496400
2020-01-08,322.94000244140625,325.7799987792969,322.6700134277344,324.45001220703125,317.4623107910156,68296000
2020-01-09,326.1600036621094,326.7300109863281,325.5199890136719,326.6499938964844,319.6148681640625,48473300
2020-01-10,327.2900085449219,327.4599914550781,325.20001220703125,325.7099914550781,318.69512939453125,53029300
2020-01-13,326.3900146484375,327.9599914550781,325.9200134277344,327.95001220703125,320.8868713378906,47086800
2020-01-14,327.4700012207031,328.6199951171875,326.8399963378906,327.45001220703125,320.3976745605469,62832800
2020-01-15,327.3500061035156,329.0199890136719,327.260009765625,328.19000244140625,321.1217041015625,72056600
2020-01-16,329.70001220703125,330.9200134277344,329.45001220703125,330.9200134277344,323.7929382324219,54050300
2020-01-17,331.70001220703125,332.17999267578125,330.8500061035156,331.95001220703125,324.80078125,95846000
2020-01-21,330.8999938964844,332.17999267578125,330.82000732421875,331.29998779296875,324.1647644042969,77742400
2020-01-22,332.239990234375,332.95001220703125,331.1700134277344,331.3399963378906,324.203857421875,48914900
2020-01-23,330.6300048828125,332.1700134277344,329.4100036621094,331.7200012207031,324.5757141113281,51963000
2020-01-24,332.44000244140625,332.5299987792969,327.3599853515625,328.7699890136719,321.689208984375,87578400
2020-01-27,323.0299987792969,325.1199951171875,322.6600036621094,323.5,316.5327453613281,84062500
2020-01-28,325.05999755859375,327.8500061035156,323.6000061035156,326.8900146484375,319.8497314453125,63834000
2020-01-29,328.3800048828125,328.6300048828125,326.3999938964844,326.6199951171875,319.58551025390625,53888900
2020-01-30,324.3599853515625,327.9100036621094,323.5400085449219,327.67999267578125,320.6227111816406,75491800
2020-01-31,327.0,327.1700134277344,320.7300109863281,321.7300109863281,314.8008728027344,113845600
2020-02-03,323.3500061035156,326.1600036621094,323.2200012207031,324.1199951171875,317.139404296875,69083000
2020-02-04,328.07000732421875,330.010009765625,327.7200012207031,329.05999755859375,321.97296142578125,62573200
2020-02-05,332.2699890136719,333.0899963378906,330.6700134277344,332.8599853515625,325.6911315917969,65951100
2020-02-06,333.9100036621094,334.19000244140625,332.79998779296875,333.9800109863281,326.7870178222656,50359700
2020-02-07,332.82000732421875,333.989990234375,331.6000061035156,332.20001220703125,325.04534912109375,64139400
2020-02-10,331.2300109863281,334.75,331.19000244140625,334.67999267578125,327.4719543457031,42070000
2020-02-11,336.1600036621094,337.0199890136719,334.67999267578125,335.260009765625,328.0394592285156,54864500
2020-02-12,336.8299865722656,337.6499938964844,336.42999267578125,337.4200134277344,330.1529541015625,43992700
2020-02-13,335.8599853515625,338.1199951171875,335.55999755859375,337.05999755859375,329.8006896972656,54501900
2020-02-14,337.510009765625,337.7300109863281,336.20001220703125,337.6000061035156,330.3290710449219,64582200
2020-02-18,336.510009765625,337.6700134277344,335.2099914550781,336.7300109863281,329.477783203125,57226200
2020-02-19,337.7900085449219,339.0799865722656,337.4800109863281,338.3399963378906,331.0530700683594,48814700
2020-02-20,337.739990234375,338.6400146484375,333.67999267578125,336.95001220703125,329.6930847167969,74163400
2020-02-21,335.4700012207031,335.80999755859375,332.5799865722656,333.4800109863281,326.2978210449219,113788200
2020-02-24,323.1400146484375,333.55999755859375,321.239990234375,322.4200134277344,315.4759826660156,161088400
2020-02-25,323.94000244140625,324.6099853515625,311.69000244140625,312.6499938964844,305.9163818359375,218913200
2020-02-26,314.17999267578125,318.1099853515625,310.70001220703125,311.5,304.79119873046875,194773800
2020-02-27,305.4599914550781,311.55999755859375,297.510009765625,297.510009765625,291.1025085449219,284353500
2020-02-28,288.70001220703125,297.8900146484375,285.5400085449219,296.260009765625,289.87939453125,384975800
2020-03-02,298.2099914550781,309.1600036621094,294.4599914550781,309.0899963378906,302.43304443359375,238703600
2020-03-03,309.5,313.8399963378906,297.57000732421875,300.239990234375,293.773681640625,300139100
2020-03-04,306.1199951171875,313.1000061035156,303.3299865722656,312.8599853515625,306.1218566894531,176613400
2020-03-05,304.9800109863281,308.4700012207031,300.010009765625,302.4599914550781,295.94586181640625,186366800
2020-03-06,293.1499938964844,298.7799987792969,290.2300109863281,297.4599914550781,291.0535583496094,228667200
2020-03-09,275.29998779296875,284.19000244140625,273.45001220703125,274.2300109863281,268.3238830566406,309417300
2020-03-10,284.6400146484375,288.5199890136719,273.5,288.4200134277344,282.2082824707031,276444100
2020-03-11,280.70001220703125,281.94000244140625,270.8800048828125,274.3599853515625,268.4510803222656,255316300
2020-03-12,256.0,266.6600036621094,247.67999267578125,248.11000061035156,242.76641845703125,392220700
2020-03-13,263.0899963378906,271.4800109863281,248.52000427246094,269.32000732421875,263.51959228515625,329566100
2020-03-16,241.17999267578125,256.8999938964844,237.36000061035156,239.85000610351562,234.684326171875,297240000
2020-03-17,245.0399932861328,256.1700134277344,237.07000732421875,252.8000030517578,247.35540771484375,262070500
2020-03-18,236.25,248.3699951171875,228.02000427246094,240.0,234.83106994628906,327597100
2020-03-19,239.25,247.3800048828125,232.22000122070312,240.50999450683594,235.330078125,289322000
2020-03-20,242.52999877929688,244.47000122070312,228.5,228.8000030517578,225.18873596191406,347158800
2020-03-23,228.19000244140625,229.67999267578125,218.25999450683594,222.9499969482422,219.43106079101562,326025200
2020-03-24,234.4199981689453,244.10000610351562,233.8000030517578,243.14999389648438,239.31224060058594,235494500
2020-03-25,244.8699951171875,256.3500061035156,239.75,246.7899932861328,242.89479064941406,299430300
2020-03-26,249.52000427246094,262.79998779296875,249.0500030517578,261.20001220703125,257.0773620605469,257632800
2020-03-27,253.27000427246094,260.80999755859375,251.0500030517578,253.4199981689453,249.42013549804688,224341200
2020-03-30,255.6999969482422,262.42999267578125,253.52999877929688,261.6499938964844,257.5202331542969,171369500
2020-03-31,260.55999755859375,263.3299865722656,256.2200012207031,257.75,253.6818084716797,194881100
2020-04-01,247.97999572753906,257.6600036621094,243.89999389648438,246.14999389648438,242.264892578125,189554600
2020-04-02,245.19000244140625,252.67999267578125,244.58999633789062,251.8300018310547,247.85525512695312,177660400
2020-04-03,250.75999450683594,253.32000732421875,245.22000122070312,248.19000244140625,244.272705078125,135561200
2020-04-06,257.8399963378906,267.0,248.1699981689453,264.8599853515625,260.6795654296875,188061200
2020-04-07,274.2099914550781,275.0299987792969,264.8900146484375,265.1300048828125,260.9453430175781,201427200
2020-04-08,267.9599914550781,276.0,265.25,274.0299987792969,269.704833984375,153774500
2020-04-09,277.5799865722656,281.20001220703125,275.4700012207031,278.20001220703125,273.80902099609375,189999200
2020-04-13,277.1400146484375,277.510009765625,271.4100036621094,275.6600036621094,271.3091125488281,114839100
2020-04-14,280.9800109863281,284.8999938964844,275.510009765625,283.7900085449219,279.3108215332031,134143400
2020-04-15,277.57000732421875,283.94000244140625,275.4599914550781,277.760009765625,273.3759765625,121775000
2020-04-16,279.1499938964844,280.0299987792969,275.760009765625,279.1000061035156,274.69482421875,131798300
2020-04-17,285.3800048828125,287.29998779296875,282.3999938964844,286.6400146484375,282.11578369140625,146684800
2020-04-20,282.6099853515625,286.7900085449219,281.3500061035156,281.5899963378906,277.1455078125,100109300
2020-04-21,276.7300109863281,278.0400085449219,272.0199890136719,273.0400085449219,268.73046875,126385700
2020-04-22,278.3500061035156,281.0,276.9100036621094,279.1000061035156,274.69482421875,92951600
2020-04-23,280.489990234375,283.94000244140625,278.75,279.0799865722656,274.67510986328125,104709700
2020-04-24,280.7300109863281,283.70001220703125,278.5,282.9700012207031,278.5037536621094,85063200
2020-04-27,285.1199951171875,288.2699890136719,284.6199951171875,287.04998779296875,282.51934814453125,77896600
2020-04-28,291.0199890136719,291.3999938964844,285.3999938964844,285.7300109863281,281.2201843261719,105270000
2020-04-29,291.5299987792969,294.8800048828125,290.4100036621094,293.2099914550781,288.58209228515625,118745600
2020-04-30,291.7099914550781,293.32000732421875,288.5899963378906,290.4800109863281,285.8952331542969,122901700
2020-05-01,285.30999755859375,290.6600036621094,281.5199890136719,282.7900085449219,278.3265686035156,125180000
2020-05-04,280.739990234375,283.8999938964844,279.1300048828125,283.57000732421875,279.09429931640625,80873200
2020-05-05,286.6400146484375,289.25,283.7099914550781,286.19000244140625,281.67291259765625,79569900
2020-05-06,288.0400085449219,288.4599914550781,283.7799987792969,284.25,279.7635498046875,73632600
2020-05-07,287.75,289.7799987792969,287.1300048828125,287.67999267578125,283.139404296875,75250400
2020-05-08,291.0899963378906,292.95001220703125,289.8599853515625,292.44000244140625,287.82427978515625,76452400
2020-05-11,290.3399963378906,294.0,289.8800048828125,292.5,287.88330078125,79514200
2020-05-12,293.7900085449219,294.239990234375,286.5199890136719,286.6700134277344,282.1453552246094,95870800
2020-05-13,286.05999755859375,287.19000244140625,278.9599914550781,281.6000061035156,277.1553649902344,144721100
2020-05-14,278.95001220703125,285.1099853515625,272.989990234375,284.9700012207031,280.4721984863281,121977900
2020-05-15,282.3699951171875,286.3299865722656,281.3399963378906,286.2799987792969,281.76153564453125,111146300
2020-05-18,293.04998779296875,296.75,292.70001220703125,295.0,290.3438415527344,119703800
2020-05-19,294.3500061035156,296.2099914550781,291.95001220703125,291.9700012207031,287.3616638183594,95189300
2020-05-20,295.82000732421875,297.8699951171875,295.57000732421875,296.92999267578125,292.243408203125,85861700
2020-05-21,296.7900085449219,297.6700134277344,293.69000244140625,294.8800048828125,290.22576904296875,78293900
2020-05-22,294.57000732421875,295.6300048828125,293.2200012207031,295.44000244140625,290.7769470214844,63958200
2020-05-26,301.92999267578125,302.19000244140625,295.4599914550781,299.0799865722656,294.35943603515625,88951400
2020-05-27,302.1199951171875,303.57000732421875,296.8699951171875,303.5299987792969,298.7392272949219,104817400
2020-05-28,304.6499938964844,306.8399963378906,302.239990234375,302.9700012207031,298.1880798339844,90405200
2020-05-29,302.4599914550781,304.9599914550781,299.4700012207031,304.32000732421875,299.51678466796875,119090800
2020-06-01,303.6199951171875,306.2099914550781,303.05999755859375,305.54998779296875,300.7273254394531,55758300
2020-06-02,306.54998779296875,308.1300048828125,305.1000061035156,308.0799865722656,303.2173767089844,74267200
2020-06-03,310.239990234375,313.2200012207031,309.94000244140625,312.17999267578125,307.2527160644531,92567600
2020-06-04,311.1099853515625,313.0,309.0799865722656,311.3599853515625,306.44561767578125,75794400
2020-06-05,317.2300109863281,321.2699890136719,317.1600036621094,319.3399963378906,314.2996520996094,150524700
2020-06-08,320.2200012207031,323.4100036621094,319.6300048828125,323.20001220703125,318.0987854003906,73641200
2020-06-09,320.29998779296875,323.2799987792969,319.3599853515625,320.7900085449219,315.726806640625,77479200
2020-06-10,321.4200134277344,322.3900146484375,318.2200012207031,319.0,313.9650573730469,95000800
2020-06-11,311.4599914550781,312.1499938964844,300.010009765625,300.6099853515625,295.8653259277344,209243600
2020-06-12,308.239990234375,309.0799865722656,298.6000061035156,304.2099914550781,299.40850830078125,194678900
2020-06-15,298.0199890136719,308.2799987792969,296.739990234375,307.04998779296875,302.20367431640625,135782700
2020-06-16,315.4800109863281,315.6400146484375,307.6700134277344,312.9599914550781,308.0203857421875,137627500
2020-06-17,314.07000732421875,314.3900146484375,310.8599853515625,311.6600036621094,306.74090576171875,83398900
2020-06-18,310.010009765625,312.29998779296875,309.510009765625,311.7799987792969,306.8590087890625,80828700
2020-06-19,314.1700134277344,314.3800048828125,306.5299987792969,308.6400146484375,305.1053466796875,135549600
2020-06-22,307.989990234375,311.04998779296875,306.75,310.6199951171875,307.0626525878906,74649400
2020-06-23,313.489990234375,314.5,311.6099853515625,312.04998779296875,308.47625732421875,68471200
2020-06-24,309.8399963378906,310.510009765625,302.1000061035156,304.0899963378906,300.6074523925781,132813500
2020-06-25,303.4700012207031,307.6400146484375,301.2799987792969,307.3500061035156,303.8301086425781,89468000
2020-06-26,306.1600036621094,306.3900146484375,299.4200134277344,300.04998779296875,296.6137390136719,127961000
2020-06-29,301.4100036621094,304.6099853515625,298.92999267578125,304.4599914550781,300.97320556640625,79773300
2020-06-30,303.989990234375,310.20001220703125,303.82000732421875,308.3599853515625,304.8285217285156,113394800
2020-07-01,309.57000732421875,311.8900146484375,309.07000732421875,310.5199890136719,306.96380615234375,72396500
2020-07-02,314.239990234375,315.70001220703125,311.510009765625,312.2300109863281,308.6542053222656,69344200
2020-07-06,316.3699951171875,317.67999267578125,315.55999755859375,317.04998779296875,313.4190368652344,61713800
2020-07-07,315.3800048828125,317.5199890136719,313.3699951171875,313.7799987792969,310.1864929199219,82910000
2020-07-08,314.6099853515625,316.29998779296875,312.70001220703125,316.17999267578125,312.5589599609375,54638600
2020-07-09,316.8399963378906,317.1000061035156,310.67999267578125,314.3800048828125,310.7795715332031,83354200
2020-07-10,314.30999755859375,317.8800048828125,312.760009765625,317.5899963378906,313.9528503417969,57550400
2020-07-13,320.1300048828125,322.7099914550781,314.1300048828125,314.8399963378906,311.23431396484375,102997500
2020-07-14,313.29998779296875,319.760009765625,312.0,318.9200134277344,315.26763916015625,93657000
2020-07-15,322.4100036621094,323.0400085449219,319.2699890136719,321.8500061035156,318.1640625,87196500
2020-07-16,319.7900085449219,321.2799987792969,319.0899963378906,320.7900085449219,317.1162109375,54622500
2020-07-17,321.8800048828125,322.57000732421875,319.739990234375,321.7200012207031,318.0355224609375,62774900
2020-07-20,321.42999267578125,325.1300048828125,320.6199951171875,324.32000732421875,320.60577392578125,56308800
2020-07-21,326.45001220703125,326.92999267578125,323.94000244140625,325.010009765625,321.2878723144531,57292200
2020-07-22,324.6199951171875,327.20001220703125,324.5,326.8599853515625,323.1166687011719,57792900
2020-07-23,326.4700012207031,327.2300109863281,321.4800109863281,322.9599914550781,319.2613220214844,75738000
2020-07-24,320.95001220703125,321.989990234375,319.25,320.8800048828125,317.2051696777344,73766600
2020-07-27,321.6300048828125,323.4100036621094,320.7699890136719,323.2200012207031,319.5183410644531,48293000
2020-07-28,322.42999267578125,323.6400146484375,320.8500061035156,321.1700134277344,317.4918518066406,57495000
2020-07-29,322.1199951171875,325.7300109863281,322.0799865722656,325.1199951171875,321.3966064453125,48454200
2020-07-30,321.8999938964844,324.4100036621094,319.6400146484375,323.9599914550781,320.2498779296875,61861700
2020-07-31,325.8999938964844,326.6300048828125,321.3299865722656,326.5199890136719,322.7805480957031,84986800
2020-08-03,328.32000732421875,329.6199951171875,327.7300109863281,328.7900085449219,325.0245666503906,53077900
2020-08-04,327.8599853515625,330.05999755859375,327.8599853515625,330.05999755859375,326.280029296875,41917900
2020-08-05,331.4700012207031,332.3900146484375,331.17999267578125,332.1099853515625,328.3065185546875,42697700
2020-08-06,331.4800109863281,334.4599914550781,331.1300048828125,334.3299865722656,330.5011291503906,43679400
2020-08-07,333.2799987792969,334.8800048828125,332.29998779296875,334.57000732421875,330.7384033203125,57308300
2020-08-10,335.05999755859375,335.7699890136719,332.9599914550781,335.57000732421875,331.7269287109375,44282100
2020-08-11,336.8500061035156,337.5400085449219,332.010009765625,332.79998779296875,328.9886474609375,69601100
2020-08-12,335.44000244140625,338.2799987792969,335.4100036621094,337.44000244140625,333.5755310058594,53774400
2020-08-13,336.6099853515625,338.25,335.8299865722656,336.8299865722656,332.9724426269531,41816100
2020-08-14,336.4100036621094,337.4200134277344,335.6199951171875,336.8399963378906,332.98236083984375,47260400
2020-08-17,337.94000244140625,338.3399963378906,336.8500061035156,337.9100036621094,334.0401306152344,35481000
2020-08-18,338.3399963378906,339.1000061035156,336.6099853515625,338.6400146484375,334.76177978515625,38733900
2020-08-19,339.04998779296875,339.6099853515625,336.6199951171875,337.2300109863281,333.367919921875,68054200
2020-08-20,335.3599853515625,338.79998779296875,335.2200012207031,338.2799987792969,334.4059143066406,42207800
2020-08-21,337.9200134277344,339.7200012207031,337.54998779296875,339.4800109863281,335.5921325683594,55106600
2020-08-24,342.1199951171875,343.0,339.45001220703125,342.9200134277344,338.9927673339844,48588700
2020-08-25,343.5299987792969,344.2099914550781,342.2699890136719,344.1199951171875,340.17901611328125,38463400
2020-08-26,344.760009765625,347.8599853515625,344.1700134277344,347.57000732421875,343.5895080566406,50790200
2020-08-27,348.510009765625,349.8999938964844,346.5299987792969,348.3299865722656,344.34075927734375,58034100
2020-08-28,349.44000244140625,350.7200012207031,348.1499938964844,350.5799865722656,346.5650329589844,48588900
2020-08-31,350.3500061035156,351.29998779296875,349.05999755859375,349.30999755859375,345.3095703125,66099200
2020-09-01,350.2099914550781,352.7099914550781,349.239990234375,352.6000061035156,348.5618896484375,54908700
2020-09-02,354.6700134277344,358.75,353.42999267578125,357.70001220703125,353.6034851074219,69540000
2020-09-03,355.8699951171875,356.3800048828125,342.5899963378906,345.3900146484375,341.4344787597656,148011100
2020-09-04,346.1300048828125,347.8299865722656,334.8699951171875,342.57000732421875,338.646728515625,139156300
2020-09-08,336.7099914550781,342.6400146484375,332.8800048828125,333.2099914550781,329.3939208984375,114465300
2020-09-09,337.54998779296875,342.4599914550781,336.6099853515625,339.7900085449219,335.8985900878906,91462300
2020-09-10,341.82000732421875,342.5299987792969,332.8500061035156,333.8900146484375,330.066162109375,90569500
2020-09-11,335.82000732421875,336.9700012207031,331.0,334.05999755859375,330.23419189453125,84680200
2020-09-14,337.489990234375,340.3800048828125,334.2200012207031,338.4599914550781,334.58380126953125,65605700
2020-09-15,341.1199951171875,342.0199890136719,338.4700012207031,340.1700134277344,336.2742614746094,52920900
2020-09-16,341.510009765625,343.05999755859375,338.5199890136719,338.82000732421875,334.939697265625,82096000
2020-09-17,333.55999755859375,337.70001220703125,332.989990234375,335.8399963378906,331.99383544921875,91523300
2020-09-18,335.3699951171875,335.489990234375,327.9700012207031,330.6499938964844,328.17169189453125,105877900
2020-09-21,325.70001220703125,327.1300048828125,321.7300109863281,326.9700012207031,324.519287109375,99450800
2020-09-22,328.57000732421875,330.8999938964844,325.8599853515625,330.29998779296875,327.8243103027344,63612100
2020-09-23,330.8999938964844,331.20001220703125,322.1000061035156,322.6400146484375,320.22174072265625,93112200
2020-09-24,321.2200012207031,326.79998779296875,319.79998779296875,323.5,321.0752868652344,76681300
2020-09-25,322.5799865722656,329.5799865722656,321.6400146484375,328.7300109863281,326.2660827636719,71069400
2020-09-28,333.2200012207031,334.9599914550781,332.1499938964844,334.19000244140625,331.6851806640625,64584600
2020-09-29,333.9700012207031,334.7699890136719,331.6199951171875,332.3699951171875,329.8787841796875,51304000
2020-09-30,333.0899963378906,338.2900085449219,332.8800048828125,334.8900146484375,332.37994384765625,104081100
2020-10-01,337.69000244140625,338.739990234375,335.010009765625,337.0400085449219,334.5137939453125,88698700
2020-10-02,331.70001220703125,337.010009765625,331.19000244140625,333.8399963378906,331.3377990722656,89431100
2020-10-05,336.05999755859375,339.9599914550781,336.010009765625,339.760009765625,337.2134094238281,45713100
2020-10-06,339.9100036621094,342.1700134277344,334.3800048828125,334.92999267578125,332.41961669921875,90128900
2020-10-07,338.1199951171875,341.6300048828125,338.0899963378906,340.760009765625,338.2059326171875,56999600
2020-10-08,342.8500061035156,343.8500061035156,341.8599853515625,343.7799987792969,341.2032775878906,45242500
2020-10-09,345.55999755859375,347.3500061035156,344.8900146484375,346.8500061035156,344.2502746582031,59528600
2020-10-12,349.5899963378906,354.0199890136719,349.05999755859375,352.42999267578125,349.7884521484375,80388500
2020-10-13,352.2799987792969,352.4700012207031,349.0899963378906,350.1300048828125,347.5057067871094,73255500
2020-10-14,350.75,351.92999267578125,347.1400146484375,347.92999267578125,345.3221740722656,57727900
2020-10-15,343.7099914550781,348.0199890136719,343.1300048828125,347.5,344.8954162597656,60357700
2020-10-16,348.9599914550781,350.75,347.1000061035156,347.2900085449219,344.6869812011719,89501900
2020-10-19,348.6499938964844,349.3299865722656,341.0400085449219,342.010009765625,339.4465637207031,68425600
2020-10-20,343.4599914550781,346.8800048828125,342.6400146484375,343.3800048828125,340.8063049316406,60051900
2020-10-21,343.3299865722656,345.6700134277344,342.3999938964844,342.7300109863281,340.1611633300781,63575000
2020-10-22,342.9599914550781,345.239990234375,340.6499938964844,344.6099853515625,342.0270690917969,55399300
2020-10-23,345.92999267578125,345.989990234375,343.1300048828125,345.7799987792969,343.18829345703125,49143900
2020-10-26,342.1300048828125,342.9800109863281,335.6199951171875,339.3900146484375,336.8462219238281,91473000
2020-10-27,339.760009765625,340.1199951171875,337.989990234375,338.2200012207031,335.6849365234375,65994100
2020-10-28,332.1000061035156,338.25,326.1300048828125,326.6600036621094,324.21160888671875,127094300
2020-10-29,326.9100036621094,333.3999938964844,325.0899963378906,329.9800109863281,327.5067138671875,90597700
2020-10-30,328.2799987792969,329.69000244140625,322.6000061035156,326.5400085449219,324.0924987792969,120287300
2020-11-02,330.20001220703125,332.3599853515625,327.239990234375,330.20001220703125,327.72509765625,86068300
2020-11-03,333.69000244140625,338.25,330.2900085449219,336.0299987792969,333.5113830566406,93294200
2020-11-04,340.8599853515625,347.94000244140625,339.5899963378906,343.5400085449219,340.965087890625,126959700
2020-11-05,349.239990234375,352.19000244140625,348.8599853515625,350.239990234375,347.6148681640625,82039700
2020-11-06,349.92999267578125,351.510009765625,347.6499938964844,350.1600036621094,347.53546142578125,74973000
2020-11-09,363.9700012207031,364.3800048828125,354.05999755859375,354.55999755859375,351.9024963378906,172304200
2020-11-10,353.489990234375,355.17999267578125,350.510009765625,354.0400085449219,351.3863830566406,85552000
2020-11-11,356.3999938964844,357.55999755859375,355.05999755859375,356.6700134277344,353.9966735839844,58649000
2020-11-12,355.5799865722656,356.7200012207031,351.260009765625,353.2099914550781,350.5625915527344,67546200
2020-11-13,355.2699890136719,358.8999938964844,354.7099914550781,358.1000061035156,355.41595458984375,62892200
2020-11-16,360.9800109863281,362.7799987792969,359.5899963378906,362.57000732421875,359.85247802734375,74541100
2020-11-17,359.9700012207031,361.9200134277344,358.3399963378906,360.6199951171875,357.91705322265625,66111000
2020-11-18,360.9100036621094,361.5,356.239990234375,356.2799987792969,353.6095886230469,70591300
2020-11-19,355.6000061035156,358.17999267578125,354.1499938964844,357.7799987792969,355.0983581542969,59940900
2020-11-20,357.5,357.7200012207031,355.25,355.3299865722656,352.6667175292969,70417300
2020-11-23,357.2799987792969,358.82000732421875,354.8699951171875,357.4599914550781,354.7807312011719,63230600
2020-11-24,360.2099914550781,363.80999755859375,359.2900085449219,363.2200012207031,360.49755859375,62415900
2020-11-25,363.1300048828125,363.1600036621094,361.4800109863281,362.6600036621094,359.9417724609375,45330900
2020-11-27,363.8399963378906,364.17999267578125,362.5799865722656,363.6700134277344,360.9442138671875,28514100
2020-11-30,362.8299865722656,363.1199951171875,359.1700134277344,362.05999755859375,359.3462829589844,83872700
2020-12-01,365.57000732421875,367.67999267578125,364.92999267578125,366.0199890136719,363.2765808105469,74231400
2020-12-02,364.82000732421875,366.9599914550781,364.20001220703125,366.7900085449219,364.04083251953125,45927000
2020-12-03,366.67999267578125,368.19000244140625,365.5,366.69000244140625,363.94158935546875,62882000
2020-12-04,367.32000732421875,369.8500061035156,367.2200012207031,369.8500061035156,367.077880859375,50749900
2020-12-07,369.0199890136719,369.6199951171875,367.7200012207031,369.0899963378906,366.3235778808594,48944300
2020-12-08,367.7200012207031,370.7799987792969,367.6700134277344,370.1700134277344,367.3955078125,42458900
2020-12-09,370.8800048828125,371.04998779296875,365.95001220703125,366.8500061035156,364.1003723144531,74098300
2020-12-10,365.3699951171875,367.8599853515625,364.42999267578125,366.7300109863281,363.98126220703125,57735400
2020-12-11,364.8999938964844,366.739990234375,363.260009765625,366.29998779296875,363.5544738769531,57698600
2020-12-14,368.6400146484375,369.79998779296875,364.4700012207031,364.6600036621094,361.9267883300781,69216200
2020-12-15,367.3999938964844,369.5899963378906,365.9200134277344,369.5899963378906,366.81982421875,63865300
2020-12-16,369.82000732421875,371.1600036621094,368.8699951171875,370.1700134277344,367.3955078125,58420500
2020-12-17,371.94000244140625,372.4599914550781,371.04998779296875,372.239990234375,369.4499816894531,64119500
2020-12-18,370.9700012207031,371.1499938964844,367.0199890136719,369.17999267578125,367.97479248046875,136542300
2020-12-21,364.9700012207031,378.4599914550781,362.0299987792969,367.8599853515625,366.6590881347656,96386700
2020-12-22,368.2099914550781,368.3299865722656,366.0299987792969,367.239990234375,366.0411071777344,47949000
2020-12-23,368.2799987792969,369.6199951171875,367.2200012207031,367.57000732421875,366.37005615234375,46201400
2020-12-24,368.0799865722656,369.0299987792969,367.45001220703125,369.0,367.7953796386719,26457900
2020-12-28,371.739990234375,372.5899963378906,371.07000732421875,372.1700134277344,370.9550476074219,39000400
2020-12-29,373.80999755859375,374.0,370.8299865722656,371.4599914550781,370.2473449707031,53680500
2020-12-30,372.3399963378906,373.1000061035156,371.57000732421875,371.989990234375,370.7756042480469,49455300
2020-12-31,371.7799987792969,374.6600036621094,371.2300109863281,373.8800048828125,372.6594543457031,78520700
2021-01-04,375.30999755859375,375.45001220703125,364.82000732421875,368.7900085449219,367.5860900878906,110210800
2021-01-05,368.1000061035156,372.5,368.04998779296875,371.3299865722656,370.1177673339844,66426200
2021-01-06,369.7099914550781,376.9800109863281,369.1199951171875,373.54998779296875,372.33050537109375,107997700
2021-01-07,376.1000061035156,379.8999938964844,375.9100036621094,379.1000061035156,377.8624267578125,68766800
2021-01-08,380.5899963378906,381.489990234375,377.1000061035156,381.260009765625,380.015380859375,71677200
2021-01-11,377.8500061035156,380.5799865722656,377.7200012207031,378.69000244140625,377.4537658691406,51034700
2021-01-12,378.8900146484375,379.8599853515625,376.3599853515625,378.7699890136719,377.5334777832031,52547700
2021-01-13,378.69000244140625,380.8599853515625,377.8500061035156,379.7900085449219,378.5501708984375,45303600
2021-01-14,380.5899963378906,381.1300048828125,378.1000061035156,378.4599914550781,377.2244873046875,49989100
2021-01-15,376.7200012207031,377.5799865722656,373.70001220703125,375.70001220703125,374.4735107421875,107160000
2021-01-19,378.3399963378906,379.2300109863281,376.75,378.6499938964844,377.41387939453125,51233300
2021-01-20,381.1099853515625,384.7900085449219,380.69000244140625,383.8900146484375,382.63677978515625,61836100
2021-01-21,384.489990234375,384.95001220703125,383.25,384.239990234375,382.9856262207031,47840100
2021-01-22,382.25,384.1300048828125,381.8399963378906,382.8800048828125,381.63006591796875,52860500
2021-01-25,383.6700134277344,384.7699890136719,378.4599914550781,384.3900146484375,383.1351623535156,70402000
2021-01-26,385.4100036621094,385.8500061035156,383.5400085449219,383.7900085449219,382.537109375,42665300
2021-01-27,380.2200012207031,380.32000732421875,372.010009765625,374.4100036621094,373.1877136230469,123351100
2021-01-28,376.3599853515625,381.92999267578125,375.8900146484375,377.6300048828125,376.397216796875,94198100
2021-01-29,375.6300048828125,376.6700134277344,368.2699890136719,370.07000732421875,368.8619079589844,126765100
2021-02-01,373.7200012207031,377.3399963378906,370.3800048828125,376.2300109863281,375.0018005371094,75817600
2021-02-02,379.6499938964844,383.2200012207031,376.32000732421875,381.54998779296875,380.3044128417969,64450700
2021-02-03,382.44000244140625,383.70001220703125,380.4800109863281,381.8500061035156,380.6034240722656,52427100
2021-02-04,382.9599914550781,386.239990234375,381.9700012207031,386.19000244140625,384.92926025390625,47142600
2021-02-05,388.20001220703125,388.4700012207031,386.1400146484375,387.7099914550781,386.4443054199219,48669800
2021-02-08,389.2699890136719,390.55999755859375,388.3500061035156,390.510009765625,389.23516845703125,38365200
2021-02-09,389.6099853515625,390.8900146484375,389.1700134277344,390.25,388.97601318359375,35551100
2021-02-10,392.1199951171875,392.2799987792969,387.5,390.0799865722656,388.8065490722656,59154400
2021-02-11,391.239990234375,391.69000244140625,388.1000061035156,390.7099914550781,389.43450927734375,42913300
2021-02-12,389.8500061035156,392.8999938964844,389.7699890136719,392.6400146484375,391.35821533203125,50593300
2021-02-16,393.9599914550781,394.1700134277344,391.5299987792969,392.29998779296875,391.0193176269531,50972400
2021-02-17,390.4200134277344,392.6600036621094,389.3299865722656,392.3900146484375,391.1090393066406,52290600
2021-02-18,389.5899963378906,391.5199890136719,387.739990234375,390.7200012207031,389.4444885253906,59712800
2021-02-19,392.07000732421875,392.3800048828125,389.54998779296875,390.0299987792969,388.7567138671875,83241000
2021-02-22,387.05999755859375,389.6199951171875,386.739990234375,387.0299987792969,385.7665100097656,67414200
2021-02-23,384.6600036621094,388.95001220703125,380.20001220703125,387.5,386.2349853515625,107284100
2021-02-24,386.3299865722656,392.2300109863281,385.2699890136719,391.7699890136719,390.49102783203125,72433900
2021-02-25,390.4100036621094,391.8800048828125,380.7799987792969,382.3299865722656,381.08184814453125,146670500
2021-02-26,384.3500061035156,385.5799865722656,378.2300109863281,380.3599853515625,379.1182861328125,152701600
2021-03-01,385.5899963378906,390.9200134277344,380.57000732421875,389.5799865722656,388.3081970214844,105348800
2021-03-02,389.82000732421875,390.07000732421875,386.0,386.5400085449219,385.27813720703125,79595300
2021-03-03,385.7900085449219,386.8299865722656,381.30999755859375,381.4200134277344,380.1748352050781,119940200
2021-03-04,381.2200012207031,384.0,371.8800048828125,376.70001220703125,375.4702453613281,183433000
2021-03-05,380.4599914550781,384.760009765625,372.6400146484375,383.6300048828125,382.37762451171875,152039600
2021-03-08,384.6600036621094,387.67999267578125,381.4200134277344,381.7200012207031,380.4738464355469,123149200
2021-03-09,385.8500061035156,389.9100036621094,385.30999755859375,387.1700134277344,385.90606689453125,113633600
2021-03-10,389.69000244140625,391.3999938964844,388.1700134277344,389.5799865722656,388.3081970214844,109899400
2021-03-11,392.2300109863281,395.6499938964844,391.739990234375,393.5299987792969,392.24530029296875,86245000
2021-03-12,392.07000732421875,394.2099914550781,391.20001220703125,394.05999755859375,392.7735595703125,64653600
2021-03-15,394.3299865722656,396.69000244140625,392.0299987792969,396.4100036621094,395.11590576171875,73427200
2021-03-16,397.07000732421875,397.8299865722656,395.0799865722656,395.9100036621094,394.6175231933594,73722500
2021-03-17,394.5299987792969,398.1199951171875,393.29998779296875,397.260009765625,395.963134765625,97959300
2021-03-18,394.4800109863281,396.7200012207031,390.75,391.4800109863281,390.2019958496094,115349100
2021-03-19,389.8800048828125,391.57000732421875,387.1499938964844,389.4800109863281,389.4800109863281,113624500
2021-03-22,390.0299987792969,394.07000732421875,389.9700012207031,392.5899963378906,392.5899963378906,73778600
2021-03-23,391.9100036621094,393.4599914550781,388.6600036621094,389.5,389.5,90686600
2021-03-24,391.0,392.75,387.4700012207031,387.5199890136719,387.5199890136719,97588600
2021-03-25,385.9800109863281,390.54998779296875,383.8999938964844,389.70001220703125,389.70001220703125,116128600
2021-03-26,390.92999267578125,396.4100036621094,390.2900085449219,395.9800109863281,395.9800109863281,114409100
2021-03-29,394.3999938964844,396.75,392.80999755859375,395.7799987792969,395.7799987792969,108107600
2021-03-30,394.4200134277344,395.45001220703125,393.0199890136719,394.7300109863281,394.7300109863281,76262200
2021-03-31,395.3399963378906,398.0,395.30999755859375,396.3299865722656,396.3299865722656,112734200
2021-04-01,398.3999938964844,400.6700134277344,398.17999267578125,400.6099853515625,400.6099853515625,99682900
2021-04-05,403.4599914550781,406.94000244140625,403.3800048828125,406.3599853515625,406.3599853515625,91684800
2021-04-06,405.760009765625,407.239990234375,405.3999938964844,406.1199951171875,406.1199951171875,62021000
2021-04-07,405.94000244140625,406.9599914550781,405.45001220703125,406.5899963378906,406.5899963378906,55836300
2021-04-08,407.92999267578125,408.5799865722656,406.92999267578125,408.5199890136719,408.5199890136719,57863100
2021-04-09,408.3900146484375,411.6700134277344,408.260009765625,411.489990234375,411.489990234375,61104600
2021-04-12,410.8500061035156,411.92999267578125,410.20001220703125,411.6400146484375,411.6400146484375,56704900
2021-04-13,411.5299987792969,413.5299987792969,411.1199951171875,412.8599853515625,412.8599853515625,56551000
2021-04-14,412.8299865722656,413.9599914550781,410.8699951171875,411.45001220703125,411.45001220703125,61659900
2021-04-15,413.739990234375,416.1600036621094,413.69000244140625,415.8699951171875,415.8699951171875,60229800
2021-04-16,417.25,417.9100036621094,415.7300109863281,417.260009765625,417.260009765625,82037300
2021-04-19,416.260009765625,416.739990234375,413.7900085449219,415.2099914550781,415.2099914550781,78498500
2021-04-20,413.9100036621094,415.0899963378906,410.5899963378906,412.1700134277344,412.1700134277344,81851800
2021-04-21,411.510009765625,416.2900085449219,411.3599853515625,416.07000732421875,416.07000732421875,66793000
2021-04-22,415.8900146484375,416.7799987792969,411.1300048828125,412.2699890136719,412.2699890136719,97582800
2021-04-23,412.8699951171875,418.25,412.7900085449219,416.739990234375,416.739990234375,73209200
2021-04-26,417.44000244140625,418.2200012207031,416.80999755859375,417.6099853515625,417.6099853515625,52182400
2021-04-27,417.92999267578125,418.1400146484375,416.29998779296875,417.5199890136719,417.5199890136719,51303100
2021-04-28,417.80999755859375,419.010009765625,416.8999938964844,417.3999938964844,417.3999938964844,51238900
2021-04-29,420.32000732421875,420.7200012207031,416.44000244140625,420.05999755859375,420.05999755859375,78544300
2021-04-30,417.6300048828125,418.5400085449219,416.3399963378906,417.29998779296875,417.29998779296875,85448400
2021-05-03,419.42999267578125,419.8399963378906,417.6700134277344,418.20001220703125,418.20001220703125,68128300
2021-05-04,416.07000732421875,416.6000061035156,411.6700134277344,415.6199951171875,415.6199951171875,101441600
