date,f_open,f_high,f_low,f_close,f_adj_close,f_volume
2016-05-02,2060.75,2077.5,2055.5,2074.25,2074.25,1306173
2016-05-03,2075.5,2076.25,2048.0,2057.0,2057.0,1827577
2016-05-04,2057.5,2060.25,2039.0,2047.0,2047.0,1557981
2016-05-05,2046.5,2060.0,2039.5,2044.0,2044.0,1433289
2016-05-06,2043.5,2054.5,2030.5,2052.75,2052.75,1813432
2016-05-09,2053.0,2059.75,2048.25,2054.25,2054.25,1370423
2016-05-10,2054.0,2079.75,2048.0,2077.5,2077.5,1416966
2016-05-11,2077.25,2078.75,2057.5,2058.0,2058.0,1471852
2016-05-12,2059.0,2072.75,2048.5,2058.75,2058.75,1799103
2016-05-13,2059.25,2063.5,2038.5,2043.5,2043.5,1878403
2016-05-16,2041.25,2068.5,2035.0,2062.75,2062.75,1421736
2016-05-17,2062.0,2069.5,2036.75,2043.5,2043.5,1988181
2016-05-18,2043.75,2057.75,2030.75,2041.5,2041.5,2085972
2016-05-19,2043.5,2044.75,2022.0,2038.75,2038.75,2055973
2016-05-20,2038.75,2055.5,2037.25,2050.0,2050.0,1583721
2016-05-23,2053.25,2056.0,2043.5,2045.25,2045.25,1183296
2016-05-24,2045.0,2077.25,2041.25,2075.0,2075.0,1603195
2016-05-25,2075.0,2092.5,2073.5,2087.25,2087.25,1442270
2016-05-26,2088.75,2091.75,2082.5,2089.75,2089.75,968439
2016-05-27,2090.5,2098.75,2088.0,2097.25,2097.25,1035175
2016-05-31,2100.0,2103.75,2086.0,2095.0,2095.0,1631254
2016-06-01,2094.0,2099.25,2083.25,2098.0,2098.0,1317565
2016-06-02,2096.75,2104.75,2086.75,2103.75,2103.75,1299962
2016-06-03,2103.5,2106.0,2082.75,2097.75,2097.75,1746160
2016-06-06,2097.5,2112.25,2094.0,2108.25,2108.25,1272974
2016-06-07,2108.25,2118.0,2106.5,2110.25,2110.25,1125951
2016-06-08,2110.25,2119.75,2106.5,2118.0,2118.0,1308451
2016-06-09,2117.75,2118.5,2106.25,2114.25,2114.25,1644419
2016-06-10,2113.75,2114.0,2088.5,2096.25,2096.25,1244099
2016-06-13,2089.25,2098.25,2075.75,2078.75,2078.75,1222789
2016-06-14,2077.0,2081.75,2063.25,2074.5,2074.5,1163137
2016-06-15,2072.75,2086.25,2068.75,2071.75,2071.75,609849
2016-06-16,2070.5,2080.0,2050.0,2079.25,2079.25,426215
2016-06-17,2077.75,2083.0,2073.75,2078.5,2078.5,1833560
2016-06-20,2071.0,2092.5,2070.25,2074.25,2074.25,1598465
2016-06-21,2079.0,2086.0,2074.0,2080.5,2080.5,1400709
2016-06-22,2079.25,2091.25,2075.25,2076.75,2076.75,1419838
2016-06-23,2083.0,2113.25,2083.0,2105.75,2105.75,1314510
2016-06-24,2115.75,2119.5,1999.0,2018.5,2018.5,4174598
2016-06-27,2013.75,2022.5,1981.5,1985.0,1985.0,3021015
2016-06-28,1982.5,2029.75,1982.25,2028.5,2028.5,2285755
2016-06-29,2028.25,2074.75,2022.75,2066.75,2066.75,2065151
2016-06-30,2072.25,2091.25,2056.5,2090.25,2090.25,2301226
2016-07-01,2086.5,2100.75,2081.5,2096.25,2096.25,1665376
2016-07-05,2099.75,2104.75,2072.5,2082.75,2082.75,1862935
2016-07-06,2084.0,2094.5,2065.75,2094.0,2094.0,2054794
2016-07-07,2092.0,2102.0,2081.75,2092.0,2092.0,1666356
2016-07-08,2092.0,2125.5,2087.5,2120.5,2120.5,1962358
2016-07-11,2120.25,2136.75,2120.0,2130.25,2130.25,1467322
2016-07-12,2130.75,2149.25,2128.5,2145.75,2145.75,1704053
2016-07-13,2145.75,2152.25,2139.5,2146.0,2146.0,1633489
2016-07-14,2145.25,2168.0,2142.75,2157.25,2157.25,1782561
2016-07-15,2156.5,2164.75,2143.25,2152.75,2152.75,1518276
2016-07-18,2154.5,2163.25,2152.75,2160.0,2160.0,1205765
2016-07-19,2160.0,2160.75,2151.25,2158.75,2158.75,1151631
2016-07-20,2159.0,2169.75,2155.25,2167.5,2167.5,1134131
2016-07-21,2168.25,2170.25,2153.5,2158.0,2158.0,1300678
2016-07-22,2159.0,2169.25,2156.0,2167.5,2167.5,1133059
2016-07-25,2167.75,2172.5,2155.75,2162.25,2162.25,1264905
2016-07-26,2162.75,2168.0,2153.75,2163.25,2163.25,1609035
2016-07-27,2166.0,2169.25,2152.0,2160.5,2160.5,1642569
2016-07-28,2162.75,2168.5,2153.5,2164.75,2164.75,1622142
2016-07-29,2165.5,2171.75,2157.5,2168.25,2168.25,1718155
2016-08-01,2174.0,2177.75,2159.75,2164.5,2164.5,1659094
2016-08-02,2166.0,2171.0,2141.5,2152.75,2152.75,1958950
2016-08-03,2152.25,2158.25,2145.25,2157.0,2157.0,1371176
2016-08-04,2156.75,2164.25,2154.0,2159.25,2159.25,1239577
2016-08-05,2159.5,2178.5,2159.25,2176.75,2176.75,1370482
2016-08-08,2176.0,2183.0,2173.25,2175.5,2175.5,970557
2016-08-09,2176.0,2183.5,2173.75,2177.5,2177.5,1191826
2016-08-10,2178.0,2181.5,2167.75,2172.75,2172.75,1371937
2016-08-11,2172.5,2185.25,2170.0,2181.75,2181.75,1326004
2016-08-12,2181.75,2184.0,2175.5,2180.25,2180.25,1270055
2016-08-15,2180.75,2190.75,2180.5,2186.0,2186.0,1090675
2016-08-16,2186.0,2186.25,2175.25,2176.75,2176.75,1391768
2016-08-17,2177.5,2182.0,2165.5,2179.75,2179.75,1702425
2016-08-18,2180.75,2184.5,2176.25,2183.5,2183.5,1201115
2016-08-19,2183.5,2184.25,2172.5,2181.75,2181.75,1431860
2016-08-22,2181.75,2184.5,2173.5,2181.5,2181.5,1543249
2016-08-23,2180.75,2191.5,2179.25,2185.25,2185.25,1125503
2016-08-24,2185.75,2187.75,2168.75,2175.0,2175.0,1508048
2016-08-25,2175.0,2177.25,2167.5,2173.5,2173.5,1501328
2016-08-26,2174.0,2186.75,2157.5,2168.5,2168.5,2535682
2016-08-29,2167.75,2182.25,2164.5,2179.25,2179.25,1245215
2016-08-30,2180.0,2181.5,2168.5,2175.25,2175.25,1372345
2016-08-31,2175.75,2176.25,2159.5,2169.5,2169.5,1864629
2016-09-01,2169.0,2177.25,2154.75,2167.25,2167.25,1943431
2016-09-02,2166.25,2183.75,2164.25,2178.0,2178.0,1700143
2016-09-06,2179.25,2186.25,2173.0,2184.5,2184.5,1627643
2016-09-07,2185.25,2186.75,2177.5,2184.5,2184.5,1459543
2016-09-08,2184.5,2189.25,2175.75,2177.5,2177.5,2105651
2016-09-09,2177.25,2178.25,2119.75,2122.75,2122.75,2073225
2016-09-12,2121.75,2162.75,2107.0,2158.5,2158.5,1450133
2016-09-13,2156.25,2157.5,2119.0,2128.75,2128.75,1201101
2016-09-14,2131.75,2141.25,2118.75,2120.25,2120.25,661156
2016-09-15,2121.75,2151.5,2114.75,2145.0,2145.0,398401
2016-09-16,2143.75,2144.25,2135.5,2141.75,2141.75,2064530
2016-09-19,2132.25,2146.75,2127.75,2133.0,2133.0,1527880
2016-09-20,2133.75,2143.5,2129.0,2131.0,2131.0,1385876
2016-09-21,2130.0,2157.5,2126.25,2156.25,2156.25,1826950
2016-09-22,2156.25,2172.75,2152.75,2168.25,2168.25,1523998
2016-09-23,2168.25,2169.5,2156.0,2158.0,2158.0,1448300
2016-09-26,2156.25,2159.5,2136.75,2139.75,2139.75,1602771
2016-09-27,2139.25,2154.0,2132.75,2152.75,2152.75,1659780
2016-09-28,2152.0,2165.25,2144.0,2163.25,2163.25,1733016
2016-09-29,2162.25,2167.0,2137.25,2148.5,2148.5,2306654
2016-09-30,2145.75,2168.25,2135.75,2160.5,2160.5,1989690
2016-10-03,2158.75,2164.0,2146.75,2153.25,2153.25,1406125
2016-10-04,2153.75,2159.75,2136.0,2144.75,2144.75,2143439
2016-10-05,2144.25,2158.0,2141.0,2153.25,2153.25,1369566
2016-10-06,2153.25,2157.25,2143.25,2156.5,2156.5,1209239
2016-10-07,2155.25,2161.5,2138.0,2146.5,2146.5,1958026
2016-10-11,2159.5,2160.75,2121.75,2134.5,2134.5,2243746
2016-10-12,2133.0,2140.75,2126.25,2131.5,2131.5,1483026
2016-10-13,2127.75,2132.25,2107.75,2126.25,2126.25,2195134
2016-10-14,2126.25,2143.25,2122.25,2127.0,2127.0,1841156
2016-10-17,2126.25,2130.0,2116.75,2123.0,2123.0,1251946
2016-10-18,2122.5,2139.75,2120.25,2132.0,2132.0,1139317
2016-10-19,2131.5,2142.5,2126.5,2138.0,2138.0,948475
2016-10-20,2137.5,2144.5,2126.75,2137.0,2137.0,1611098
2016-10-21,2136.0,2138.5,2123.25,2134.75,2134.75,1409837
2016-10-24,2137.0,2149.0,2134.75,2144.25,2144.25,1010790
2016-10-25,2144.75,2149.75,2135.25,2138.0,2138.0,1198210
2016-10-26,2135.25,2140.0,2124.75,2134.0,2134.0,1548442
2016-10-27,2133.75,2143.75,2122.5,2123.5,2123.5,1795356
2016-10-28,2127.25,2135.25,2112.5,2123.75,2123.75,2391182
2016-10-31,2120.0,2130.5,2114.75,2120.0,2120.0,1371713
2016-11-01,2123.5,2129.5,2091.0,2103.75,2103.75,2257062
2016-11-02,2102.25,2106.5,2087.25,2092.25,2092.25,2013595
2016-11-03,2088.25,2098.75,2079.75,2083.5,2083.5,1795490
2016-11-04,2084.0,2094.25,2078.75,2080.0,2080.0,2079129
2016-11-07,2106.0,2130.75,2102.75,2129.0,2129.0,1761750
2016-11-08,2129.0,2143.25,2119.0,2135.5,2135.5,1751369
2016-11-09,2138.0,2166.75,2028.5,2160.25,2160.25,5280237
2016-11-10,2159.5,2180.5,2147.75,2167.25,2167.25,3132340
2016-11-14,2164.5,2174.5,2152.25,2160.5,2160.5,1815339
2016-11-15,2161.0,2179.75,2158.5,2179.25,2179.25,1443589
2016-11-16,2179.0,2185.0,2168.75,2172.75,2172.75,1327887
2016-11-17,2172.5,2185.5,2171.75,2184.25,2184.25,1350348
2016-11-18,2184.0,2187.5,2176.5,2180.75,2180.75,1280719
2016-11-21,2179.5,2196.5,2178.5,2193.0,2193.0,1233201
2016-11-22,2193.25,2203.0,2191.75,2200.25,2200.25,1257560
2016-11-23,2201.25,2203.5,2192.0,2200.75,2200.75,1101994
2016-11-25,2201.0,2211.75,2197.5,2211.25,2211.25,561560
2016-11-28,2208.0,2209.5,2198.25,2200.75,2200.75,1371374
2016-11-29,2200.25,2209.5,2196.25,2203.75,2203.75,1405556
2016-11-30,2203.25,2213.75,2197.25,2198.75,2198.75,1960189
2016-12-01,2199.5,2203.0,2186.0,2192.0,2192.0,2148721
2016-12-02,2190.5,2197.25,2184.25,2192.0,2192.0,1682042
2016-12-05,2184.0,2208.75,2179.0,2204.25,2204.25,1663731
2016-12-06,2205.0,2212.0,2200.25,2210.0,2210.0,1483946
2016-12-07,2211.25,2241.25,2206.75,2236.75,2236.75,2328449
2016-12-08,2236.5,2251.5,2232.5,2247.75,2247.75,2109978
2016-12-09,2246.75,2261.25,2245.0,2260.0,2260.0,1090581
2016-12-12,2260.75,2270.25,2252.25,2256.0,2256.0,1019782
2016-12-13,2256.0,2278.25,2253.25,2273.25,2273.25,1053815
2016-12-14,2273.25,2277.0,2248.0,2257.0,2257.0,767129
2016-12-15,2256.0,2272.75,2252.25,2263.5,2263.5,477530
2016-12-16,2264.25,2269.5,2261.75,2267.5,2267.5,1415262
2016-12-19,2256.0,2263.75,2254.0,2260.0,2260.0,928690
2016-12-20,2260.25,2269.5,2260.0,2266.5,2266.5,814005
2016-12-21,2267.25,2268.0,2258.0,2260.5,2260.5,667705
2016-12-22,2258.25,2261.0,2251.5,2258.75,2258.75,847626
2016-12-23,2257.5,2261.0,2254.25,2260.0,2260.0,396535
2016-12-27,2258.75,2269.5,2257.75,2261.0,2261.0,498741
2016-12-28,2261.25,2267.5,2243.5,2245.25,2245.25,1000606
2016-12-29,2245.5,2250.0,2239.5,2245.0,2245.0,913220
2016-12-30,2246.25,2252.75,2228.0,2236.25,2236.25,1281987
2017-01-03,2240.75,2259.5,2239.5,2252.5,2252.5,1810351
2017-01-04,2252.75,2267.25,2251.0,2264.25,2264.25,1404875
2017-01-05,2264.5,2266.0,2254.0,2264.25,2264.25,1324035
2017-01-06,2264.25,2277.0,2258.25,2271.5,2271.5,1551007
2017-01-09,2271.25,2275.25,2263.5,2265.0,2265.0,1025182
2017-01-10,2264.5,2274.0,2259.5,2263.75,2263.75,1304523
2017-01-11,2263.75,2271.75,2255.0,2270.5,2270.5,1733727
2017-01-12,2270.5,2270.5,2248.5,2263.5,2263.5,1752976
2017-01-13,2264.5,2273.5,2262.75,2272.5,2272.5,1192660
2017-01-17,2270.25,2270.5,2257.25,2262.75,2262.75,1540220
2017-01-18,2262.0,2268.5,2258.25,2266.5,2266.5,1111992
2017-01-19,2265.5,2269.5,2253.0,2261.5,2261.5,1386240
2017-01-20,2261.0,2272.75,2259.75,2266.0,2266.0,1737181
2017-01-23,2266.0,2267.5,2251.75,2262.0,2262.0,1474482
2017-01-24,2260.75,2280.5,2259.5,2274.5,2274.5,1273116
2017-01-25,2275.75,2295.25,2274.75,2294.0,2294.0,1386477
2017-01-26,2293.75,2299.5,2289.5,2294.0,2294.0,1170427
2017-01-27,2294.0,2296.75,2287.0,2289.0,2289.0,942076
2017-01-30,2282.0,2285.75,2263.25,2276.0,2276.0,1850992
2017-01-31,2275.75,2278.25,2262.25,2274.5,2274.5,1628810
2017-02-01,2277.0,2285.0,2268.25,2274.5,2274.5,1565006
2017-02-02,2275.0,2279.75,2264.5,2275.5,2275.5,1414426
2017-02-03,2274.0,2294.0,2270.5,2291.0,2291.0,1415043
2017-02-06,2293.0,2294.25,2283.5,2286.5,2286.5,1164914
2017-02-07,2286.25,2295.0,2284.0,2288.5,2288.5,1202059
2017-02-08,2285.75,2292.0,2281.0,2290.25,2290.25,1283261
2017-02-09,2290.5,2307.75,2287.75,2304.25,2304.25,1354847
2017-02-10,2304.25,2315.75,2303.0,2312.75,2312.75,1177521
2017-02-13,2314.25,2329.0,2313.25,2326.25,2326.25,1210205
2017-02-14,2326.5,2337.75,2319.75,2337.0,2337.0,1390309
2017-02-15,2335.5,2351.5,2331.25,2350.5,2350.5,1532340
2017-02-16,2350.25,2350.75,2336.75,2345.5,2345.5,1737007
2017-02-17,2345.0,2348.75,2336.5,2348.0,2348.0,1399520
2017-02-21,2346.5,2365.0,2346.0,2360.0,2360.0,1653551
2017-02-22,2360.0,2363.75,2355.25,2361.0,2361.0,1301504
2017-02-23,2362.0,2367.5,2353.0,2362.75,2362.75,1556359
2017-02-24,2361.5,2365.75,2349.5,2365.0,2365.0,1551959
2017-02-27,2362.75,2370.75,2361.0,2368.25,2368.25,1156575
2017-02-28,2365.75,2368.75,2357.5,2362.75,2362.75,1610710
2017-03-01,2364.5,2401.0,2363.25,2393.5,2393.5,2171551
2017-03-02,2392.25,2394.25,2378.0,2382.0,2382.0,1744834
2017-03-03,2379.75,2383.25,2373.75,2381.25,2381.25,1357594
2017-03-06,2380.25,2380.75,2367.0,2375.5,2375.5,1376883
2017-03-07,2371.25,2375.5,2364.5,2366.5,2366.5,1303962
2017-03-08,2365.75,2373.0,2359.5,2364.0,2364.0,1651698
2017-03-09,2363.75,2369.25,2354.0,2366.25,2366.25,1788548
2017-03-10,2367.5,2379.75,2362.25,2371.75,2371.75,1361113
2017-03-13,2370.75,2375.25,2368.0,2375.0,2375.0,1042690
2017-03-14,2374.0,2374.75,2358.0,2366.5,2366.5,952366
2017-03-15,2367.0,2390.5,2366.5,2383.75,2383.75,621381
2017-03-16,2382.5,2392.0,2376.75,2382.75,2382.75,377982
2017-03-17,2382.25,2385.75,2379.0,2384.5,2384.5,1277357
2017-03-20,2373.75,2376.0,2365.5,2370.25,2370.25,1076099
2017-03-21,2369.0,2378.75,2338.0,2342.25,2342.25,2567939
2017-03-22,2340.5,2348.75,2332.25,2342.5,2342.5,1883451
2017-03-23,2342.25,2356.0,2338.25,2340.0,2340.0,1631527
2017-03-24,2341.0,2352.75,2331.75,2344.75,2344.75,1600274
2017-03-27,2337.0,2341.5,2317.75,2338.5,2338.5,1614233
2017-03-28,2340.5,2360.5,2333.5,2351.5,2351.5,1623900
2017-03-29,2353.0,2359.75,2348.75,2357.0,2357.0,1154538
2017-03-30,2357.0,2366.75,2353.25,2364.5,2364.5,1164616
2017-03-31,2365.5,2366.75,2356.75,2359.25,2359.25,1568884
2017-04-03,2357.5,2363.25,2340.0,2356.0,2356.0,1716027
2017-04-04,2354.25,2358.75,2344.75,2356.5,2356.5,1209054
2017-04-05,2358.75,2375.0,2343.75,2346.5,2346.5,1938825
2017-04-06,2345.5,2361.25,2338.0,2353.75,2353.75,1595949
2017-04-07,2355.25,2360.75,2336.75,2352.25,2352.25,1473460
2017-04-10,2351.75,2363.25,2347.5,2352.5,2352.5,1351301
2017-04-11,2354.25,2355.75,2333.25,2351.0,2351.0,1856700
2017-04-12,2351.75,2356.5,2337.5,2340.75,2340.75,1534596
2017-04-13,2338.75,2345.0,2324.0,2327.5,2327.5,1587079
2017-04-17,2324.0,2346.0,2322.75,2345.0,2345.0,981675
2017-04-18,2345.0,2347.0,2330.25,2337.25,2337.25,1432200
2017-04-19,2337.75,2349.25,2331.25,2333.75,2333.75,1254296
2017-04-20,2333.25,2358.25,2332.5,2352.0,2352.0,1468523
2017-04-21,2352.75,2356.0,2340.5,2347.5,2347.5,1277783
2017-04-24,2365.75,2376.75,2365.25,2370.0,2370.0,1553985
2017-04-25,2370.0,2389.25,2368.25,2385.0,2385.0,1324272
2017-04-26,2383.0,2394.75,2381.5,2382.25,2382.25,1493096
2017-04-27,2381.5,2388.75,2378.75,2386.0,2386.0,1115269
2017-04-28,2386.25,2388.75,2378.25,2380.5,2380.5,1167297
2017-05-01,2381.5,2390.75,2377.0,2387.0,2387.0,906278
2017-05-02,2386.25,2388.75,2381.75,2385.75,2385.75,958983
2017-05-03,2384.0,2386.0,2375.5,2383.25,2383.25,1076558
2017-05-04,2382.0,2390.75,2376.0,2385.5,2385.5,1229736
2017-05-05,2386.0,2399.25,2379.0,2397.75,2397.75,1127621
2017-05-08,2402.5,2403.75,2389.75,2395.0,2395.0,957161
2017-05-09,2394.5,2400.0,2388.75,2393.25,2393.25,1105436
2017-05-10,2391.75,2397.0,2387.5,2395.25,2395.25,998859
2017-05-11,2395.0,2395.25,2379.0,2391.0,2391.0,1356242
2017-05-12,2390.25,2391.5,2384.25,2388.75,2388.75,1087422
2017-05-15,2388.75,2402.25,2388.0,2398.5,2398.5,1041264
2017-05-16,2399.75,2404.5,2393.75,2397.0,2397.0,1071111
2017-05-17,2396.5,2396.75,2354.75,2357.5,2357.5,2814349
2017-05-18,2355.0,2375.0,2344.5,2363.5,2363.5,2460956
2017-05-19,2364.0,2388.0,2361.0,2381.5,2381.5,1672971
2017-05-22,2381.75,2394.25,2378.25,2392.75,2392.75,1113022
2017-05-23,2393.5,2399.5,2386.75,2398.0,2398.0,1024986
2017-05-24,2397.0,2404.0,2394.75,2402.0,2402.0,984358
2017-05-25,2403.0,2417.75,2402.5,2413.5,2413.5,1315611
2017-05-26,2413.0,2415.75,2408.0,2413.75,2413.75,879560
2017-05-30,2414.0,2417.0,2407.75,2410.75,2410.75,1040285
2017-05-31,2410.5,2416.75,2402.75,2411.0,2411.0,1729723
2017-06-01,2413.75,2430.5,2410.5,2429.5,2429.5,1432385
2017-06-02,2429.25,2439.75,2427.0,2437.75,2437.75,1735800
2017-06-05,2435.25,2439.0,2433.0,2434.5,2434.5,891938
2017-06-06,2434.25,2435.75,2426.25,2430.75,2430.75,1353806
2017-06-07,2429.5,2435.0,2424.0,2432.0,2432.0,1431930
2017-06-08,2431.5,2439.0,2427.25,2432.5,2432.5,1445922
2017-06-09,2427.25,2445.75,2414.75,2430.5,2430.5,1588107
2017-06-12,2430.0,2431.0,2419.0,2428.5,2428.5,1253497
2017-06-13,2428.75,2441.5,2427.25,2440.0,2440.0,1028985
2017-06-14,2440.25,2445.5,2427.75,2437.25,2437.25,684544
2017-06-15,2436.0,2436.0,2418.25,2434.25,2434.25,470700
2017-06-16,2433.75,2439.0,2432.5,2433.75,2433.75,1336684
2017-06-19,2433.5,2451.5,2432.75,2447.5,2447.5,1223334
2017-06-20,2447.75,2451.0,2434.0,2437.5,2437.5,1332027
2017-06-21,2435.75,2440.0,2428.0,2433.5,2433.5,1374762
2017-06-22,2431.75,2439.0,2428.0,2431.75,2431.75,1056822
2017-06-23,2431.25,2438.75,2428.25,2435.0,2435.0,1197448
2017-06-26,2432.0,2447.5,2430.0,2436.0,2436.0,1265812
2017-06-27,2435.75,2437.25,2416.5,2420.5,2420.5,1639883
2017-06-28,2417.0,2442.5,2413.75,2438.5,2438.5,1560424
2017-06-29,2442.0,2445.0,2402.25,2420.0,2420.0,2337789
2017-06-30,2420.75,2429.75,2415.0,2421.0,2421.0,1638217
2017-07-05,2423.75,2432.25,2419.25,2428.0,2428.0,1287423
2017-07-06,2428.0,2430.5,2405.25,2408.5,2408.5,1603746
2017-07-07,2409.25,2425.0,2407.5,2422.5,2422.5,1266391
2017-07-10,2423.0,2430.0,2419.25,2424.5,2424.5,861222
2017-07-11,2423.75,2427.75,2410.25,2424.5,2424.5,1132273
2017-07-12,2425.0,2443.75,2422.5,2440.0,2440.0,1163339
2017-07-13,2441.25,2447.0,2439.0,2445.5,2445.5,941061
2017-07-14,2446.5,2461.25,2442.0,2456.0,2456.0,1091078
2017-07-17,2457.0,2460.5,2454.0,2458.5,2458.5,862469
2017-07-18,2459.25,2461.0,2448.0,2457.75,2457.75,1091158
2017-07-19,2459.75,2472.0,2457.75,2471.5,2471.5,958463
2017-07-20,2471.0,2476.25,2465.5,2471.25,2471.25,1106684
2017-07-21,2472.5,2475.25,2462.75,2469.5,2469.5,1095937
2017-07-24,2469.75,2470.5,2463.5,2468.5,2468.5,857750
2017-07-25,2467.0,2478.75,2466.25,2474.0,2474.0,1074033
2017-07-26,2475.25,2479.75,2471.5,2473.25,2473.25,972444
2017-07-27,2474.5,2480.5,2457.0,2472.0,2472.0,1647577
2017-07-28,2472.0,2472.0,2461.5,2470.25,2470.25,1156784
2017-07-31,2470.5,2475.0,2465.25,2468.0,2468.0,1229202
2017-08-01,2468.0,2477.25,2466.25,2472.25,2472.25,1043439
2017-08-02,2474.0,2476.0,2463.25,2473.5,2473.5,1304650
2017-08-03,2473.25,2474.5,2466.0,2471.75,2471.75,1087355
2017-08-04,2470.75,2477.75,2467.75,2472.0,2472.0,1070866
2017-08-07,2472.25,2478.25,2472.0,2477.5,2477.5,599701
2017-08-08,2477.5,2488.5,2467.5,2472.75,2472.75,1367671
2017-08-09,2470.0,2474.5,2459.0,2473.0,2473.0,1555517
2017-08-10,2474.0,2474.25,2432.75,2437.5,2437.5,2324062
2017-08-11,2434.5,2446.5,2430.25,2440.0,2440.0,1670104
2017-08-14,2441.5,2466.5,2441.5,2463.5,2463.5,1470477
2017-08-15,2464.5,2473.25,2460.0,2463.75,2463.75,1060173
2017-08-16,2464.5,2474.0,2461.5,2467.5,2467.5,1137333
2017-08-17,2466.75,2468.5,2423.75,2429.5,2429.5,2236170
2017-08-18,2426.75,2439.5,2419.5,2426.75,2426.75,2203303
2017-08-21,2428.75,2431.5,2415.75,2428.0,2428.0,1339966
2017-08-22,2428.0,2454.25,2427.5,2452.75,2452.75,1367156
2017-08-23,2453.0,2454.75,2438.75,2441.5,2441.5,1243382
2017-08-24,2440.25,2449.0,2434.5,2440.75,2440.75,1407417
2017-08-25,2442.5,2453.5,2437.5,2442.5,2442.5,1211227
2017-08-28,2442.0,2449.25,2436.25,2443.75,2443.75,953054
2017-08-29,2434.0,2448.5,2421.0,2447.0,2447.0,1615262
2017-08-30,2446.5,2459.75,2442.75,2455.75,2455.75,1301444
2017-08-31,2455.25,2474.25,2454.75,2470.0,2470.0,1752826
2017-09-01,2470.25,2479.75,2470.0,2474.25,2474.25,1057024
2017-09-05,2461.25,2471.25,2445.5,2459.75,2459.75,2123649
2017-09-06,2460.25,2469.0,2456.5,2465.5,2465.5,1574076
2017-09-07,2464.0,2468.75,2457.5,2466.5,2466.5,1534736
2017-09-08,2466.5,2467.5,2456.75,2462.5,2462.5,1242750
2017-09-11,2468.0,2489.0,2468.0,2487.5,2487.5,1333316
2017-09-12,2488.25,2497.0,2486.75,2496.0,2496.0,1042880
2017-09-13,2497.0,2497.5,2490.75,2496.5,2496.5,611367
2017-09-14,2496.25,2498.25,2489.5,2496.5,2496.5,419698
2017-09-15,2496.0,2496.5,2489.5,2496.0,2496.0,1367390
2017-09-18,2499.0,2506.0,2497.75,2502.75,2502.75,1090827
2017-09-19,2502.75,2506.0,2501.0,2504.75,2504.75,961109
2017-09-20,2503.75,2507.25,2494.0,2505.25,2505.25,1232948
2017-09-21,2504.5,2506.25,2496.5,2501.0,2501.0,1117630
2017-09-22,2500.75,2501.0,2492.0,2499.5,2499.5,1024727
2017-09-25,2499.0,2504.5,2485.0,2497.0,2497.0,1539626
2017-09-26,2498.0,2501.25,2492.25,2495.5,2495.5,1144642
2017-09-27,2495.0,2509.25,2493.0,2504.5,2504.5,1576031
2017-09-28,2503.25,2508.25,2499.0,2507.75,2507.75,1109027
2017-09-29,2507.75,2517.75,2504.75,2516.0,2516.0,1368322
2017-10-02,2518.0,2528.0,2517.0,2526.25,2526.25,1138362
2017-10-03,2527.25,2533.5,2525.5,2532.75,2532.75,849153
2017-10-04,2533.0,2538.0,2529.0,2536.25,2536.25,956590
2017-10-05,2535.25,2550.75,2534.5,2550.0,2550.0,1104438
2017-10-06,2548.75,2549.75,2541.5,2545.0,2545.0,1169419
2017-10-09,2543.25,2550.5,2539.25,2543.75,2543.75,735488
2017-10-10,2543.25,2553.25,2542.75,2548.5,2548.5,1149236
2017-10-11,2548.75,2553.5,2544.25,2553.0,2553.0,818238
2017-10-12,2552.25,2553.25,2546.25,2549.5,2549.5,938476
2017-10-13,2548.0,2555.5,2547.0,2552.75,2552.75,918541
2017-10-16,2552.25,2557.75,2550.75,2556.25,2556.25,795923
2017-10-17,2555.5,2557.75,2552.25,2557.0,2557.0,738739
2017-10-18,2556.5,2562.25,2556.25,2560.0,2560.0,753384
2017-10-19,2560.0,2561.5,2542.5,2560.5,2560.5,1362805
2017-10-20,2561.0,2574.5,2559.5,2574.0,2574.0,1254054
2017-10-23,2572.75,2577.25,2561.5,2563.5,2563.5,1272965
2017-10-24,2562.5,2570.25,2562.25,2567.25,2567.25,1047808
2017-10-25,2564.75,2566.25,2541.5,2558.5,2558.5,2099172
2017-10-26,2559.5,2565.0,2555.5,2561.5,2561.5,1392205
2017-10-27,2561.5,2580.75,2557.5,2578.5,2578.5,1561074
2017-10-30,2575.5,2578.25,2565.5,2568.25,2568.25,1237600
2017-10-31,2568.0,2575.5,2566.75,2572.75,2572.75,1051279
2017-11-01,2572.75,2585.5,2571.0,2574.75,2574.75,1290220
2017-11-02,2571.5,2578.5,2562.25,2576.75,2576.75,1297222
2017-11-03,2577.5,2585.5,2573.5,2582.75,2582.75,992681
2017-11-06,2580.0,2590.0,2575.5,2588.75,2588.75,848119
2017-11-07,2587.75,2593.5,2580.75,2586.75,2586.75,1163840
2017-11-08,2584.0,2592.5,2579.75,2591.0,2591.0,1058023
2017-11-09,2591.25,2594.5,2563.25,2584.0,2584.0,2218191
2017-11-10,2582.0,2585.75,2571.5,2579.5,2579.5,1193217
2017-11-13,2580.25,2585.5,2570.25,2582.0,2582.0,1052173
2017-11-14,2580.25,2582.25,2564.25,2578.0,2578.0,1582882
2017-11-15,2576.75,2577.0,2555.5,2565.0,2565.0,1917948
2017-11-16,2564.25,2589.5,2562.25,2585.0,2585.0,1528865
2017-11-17,2584.25,2586.0,2574.75,2576.25,2576.25,1186958
2017-11-20,2576.0,2584.0,2567.75,2582.0,2582.0,1000520
2017-11-21,2582.0,2600.5,2579.25,2596.25,2596.25,1153787
2017-11-22,2595.75,2600.0,2592.75,2594.5,2594.5,536543
2017-11-27,2601.0,2605.5,2596.5,2601.75,2601.75,960112
2017-11-28,2602.25,2627.0,2597.5,2626.0,2626.0,1558414
2017-11-29,2625.5,2634.25,2619.75,2625.0,2625.0,1661775
2017-11-30,2625.0,2658.5,2621.75,2648.0,2648.0,2346236
2017-12-01,2640.75,2650.75,2605.0,2644.0,2644.0,2520826
2017-12-04,2654.5,2665.25,2633.75,2638.25,2638.25,1756938
2017-12-05,2636.0,2648.75,2627.25,2628.25,2628.25,1392821
2017-12-06,2626.75,2634.5,2620.0,2629.25,2629.25,1307666
2017-12-07,2630.5,2641.25,2626.25,2639.5,2639.5,1345485
2017-12-08,2639.5,2652.5,2637.75,2651.0,2651.0,1154864
2017-12-11,2652.0,2664.75,2649.25,2661.5,2661.5,1266601
2017-12-12,2662.75,2670.25,2660.5,2665.0,2665.0,1032184
2017-12-13,2665.5,2672.5,2656.75,2666.5,2666.5,758320
2017-12-14,2665.5,2670.75,2649.25,2653.25,2653.25,473836
2017-12-15,2650.0,2667.25,2650.0,2666.75,2666.75,1410847
2017-12-18,2683.0,2698.0,2682.5,2694.5,2694.5,1040769
2017-12-19,2695.0,2698.0,2682.5,2684.0,2684.0,980483
2017-12-20,2684.75,2695.5,2679.0,2681.5,2681.5,981223
2017-12-21,2681.5,2696.0,2680.75,2687.75,2687.75,853748
2017-12-22,2686.75,2691.5,2682.25,2686.0,2686.0,360430
2017-12-26,2686.75,2689.5,2683.5,2687.0,2687.0,376101
2017-12-27,2687.5,2691.0,2681.5,2685.5,2685.5,666329
2017-12-28,2684.0,2689.0,2683.0,2685.75,2685.75,535624
2017-12-29,2684.75,2698.25,2667.75,2676.0,2676.0,1092038
2018-01-02,2675.25,2696.0,2674.5,2693.0,2693.0,996265
2018-01-03,2693.75,2714.25,2692.25,2711.0,2711.0,1114548
2018-01-04,2710.25,2729.0,2708.5,2723.75,2723.75,1166017
2018-01-05,2725.0,2743.25,2723.75,2742.5,2742.5,1136500
2018-01-08,2741.75,2748.5,2736.5,2746.75,2746.75,903544
2018-01-09,2746.5,2760.0,2742.75,2752.25,2752.25,1137598
2018-01-10,2749.75,2752.0,2736.5,2750.5,2750.5,1289898
2018-01-11,2750.0,2770.5,2747.75,2769.5,2769.5,1045414
2018-01-12,2768.75,2790.0,2766.75,2788.75,2788.75,1357120
2018-01-16,2789.75,2808.5,2769.25,2782.5,2782.5,1981469
2018-01-17,2782.75,2809.5,2779.0,2803.75,2803.75,1541873
2018-01-18,2803.25,2808.0,2793.75,2796.25,2796.25,1345331
2018-01-19,2797.0,2815.0,2791.75,2811.0,2811.0,1363990
2018-01-22,2804.0,2838.25,2802.0,2835.25,2835.25,1179414
2018-01-23,2835.25,2844.75,2828.75,2839.5,2839.5,1282163
2018-01-24,2837.0,2855.25,2825.5,2841.0,2841.0,1885278
2018-01-25,2840.0,2853.75,2830.75,2841.25,2841.25,1439217
2018-01-26,2842.25,2876.0,2841.25,2874.5,2874.5,1286287
2018-01-29,2874.25,2878.5,2851.5,2853.5,2853.5,1395078
2018-01-30,2853.25,2858.0,2818.5,2824.5,2824.5,2133815
2018-01-31,2823.25,2839.75,2813.0,2825.75,2825.75,1841227
2018-02-01,2828.75,2837.25,2809.5,2822.5,2822.5,1646906
2018-02-02,2826.5,2831.0,2755.25,2756.75,2756.75,2532442
2018-02-05,2757.0,2763.0,2595.75,2607.75,2607.75,4009557
2018-02-06,2624.0,2699.75,2529.0,2694.25,2694.25,4806868
2018-02-07,2685.5,2726.75,2660.5,2668.25,2668.25,2491133
2018-02-08,2664.75,2686.5,2577.0,2593.5,2593.5,3121915
2018-02-09,2593.75,2637.75,2530.25,2619.0,2619.0,3909443
2018-02-12,2628.25,2671.5,2620.0,2655.25,2655.25,2170447
2018-02-13,2653.25,2667.5,2634.25,2661.75,2661.75,1461104
2018-02-14,2662.5,2701.75,2627.0,2697.0,2697.0,2087016
2018-02-15,2695.5,2736.75,2688.5,2734.0,2734.0,1668909
2018-02-16,2734.0,2754.75,2722.25,2735.0,2735.0,1738551
2018-02-20,2734.5,2747.75,2705.75,2714.0,2714.0,1447502
2018-02-21,2714.5,2747.75,2693.5,2698.75,2698.75,1661308
2018-02-22,2698.5,2731.0,2682.0,2711.5,2711.5,1623017
2018-02-23,2712.75,2750.25,2710.0,2748.75,2748.75,0
2018-02-26,2751.5,2786.0,2742.5,2784.5,2784.5,1256268
2018-02-27,2783.5,2789.75,2742.0,2747.5,2747.5,1717155
2018-02-28,2746.5,2762.0,2712.0,2714.5,2714.5,1876678
2018-03-01,2718.25,2731.0,2658.5,2678.25,2678.25,2818966
2018-03-02,2678.75,2696.0,2647.0,2690.25,2690.25,2171819
2018-03-05,2683.25,2727.75,2663.75,2718.5,2718.5,1781823
2018-03-06,2719.0,2734.5,2710.25,2724.0,2724.0,1450085
2018-03-07,2700.0,2730.25,2681.25,2723.25,2723.25,1870360
2018-03-08,2722.5,2740.5,2720.0,2739.25,2739.25,1502808
2018-03-09,2736.5,2787.0,2730.0,2784.0,2784.0,1541679
2018-03-12,2784.0,2800.5,2779.0,2784.0,2784.0,1232395
2018-03-13,2782.25,2802.5,2758.5,2768.5,2768.5,1232770
2018-03-14,2763.0,2779.5,2744.25,2749.75,2749.75,766900
2018-03-15,2750.75,2763.5,2741.0,2751.5,2751.5,358566
2018-03-16,2753.75,2757.0,2747.0,2752.75,2752.75,1142517
2018-03-19,2756.25,2756.5,2697.25,2722.75,2722.75,1986809
2018-03-20,2721.5,2729.0,2712.75,2723.5,2723.5,1099899
2018-03-21,2723.25,2744.0,2712.5,2718.25,2718.25,1423759
2018-03-22,2718.25,2726.25,2641.75,2643.25,2643.25,2548609
2018-03-23,2645.75,2658.75,2586.0,2597.75,2597.75,2875654
2018-03-26,2595.0,2662.75,2591.0,2659.5,2659.5,2302375
2018-03-27,2659.5,2679.75,2596.0,2615.75,2615.75,2448450
2018-03-28,2612.75,2633.75,2593.0,2607.5,2607.5,2802883
2018-03-29,2609.75,2659.5,2601.0,2643.0,2643.0,2042949
2018-04-02,2635.0,2641.5,2552.0,2575.0,2575.0,2395329
2018-04-03,2581.25,2618.75,2573.5,2613.25,2613.25,2220246
2018-04-04,2612.0,2649.75,2559.5,2647.0,2647.0,2247386
2018-04-05,2645.75,2672.25,2644.0,2661.75,2661.75,1642890
2018-04-06,2663.0,2664.0,2584.5,2605.75,2605.75,2615117
2018-04-09,2607.5,2653.75,2607.5,2619.0,2619.0,1762078
2018-04-10,2617.75,2666.25,2612.25,2655.0,2655.0,1998582
2018-04-11,2654.5,2661.25,2626.0,2641.0,2641.0,1637350
2018-04-12,2642.5,2675.0,2639.75,2664.0,2664.0,1301132
2018-04-13,2661.75,2680.5,2644.75,2657.25,2657.25,1711823
2018-04-16,2673.25,2687.0,2660.75,2681.75,2681.75,1237183
2018-04-17,2679.25,2713.75,2678.75,2706.5,2706.5,1251766
2018-04-18,2704.5,2718.5,2703.75,2709.75,2709.75,1044851
2018-04-19,2711.75,2713.25,2681.5,2693.0,2693.0,1577913
2018-04-20,2692.5,2698.25,2659.75,2671.5,2671.5,1604973
2018-04-23,2683.0,2684.75,2657.25,2671.25,2671.25,1239828
2018-04-24,2672.0,2688.5,2616.0,2635.25,2635.25,2329880
2018-04-25,2635.25,2648.25,2611.25,2644.5,2644.5,1902899
2018-04-26,2648.25,2677.5,2639.5,2674.5,2674.5,1279539
2018-04-27,2675.5,2676.25,2657.75,2671.5,2671.5,1142350
2018-04-30,2670.5,2682.25,2645.0,2647.0,2647.0,1341086
2018-05-01,2646.25,2658.0,2623.25,2652.25,2652.25,1323628
2018-05-02,2655.5,2658.5,2624.25,2627.5,2627.5,1427995
2018-05-03,2626.75,2636.25,2591.25,2631.75,2631.75,2146587
2018-05-04,2631.75,2669.5,2612.25,2663.0,2663.0,1699202
2018-05-07,2662.75,2681.5,2661.25,2670.0,2670.0,1148919
2018-05-08,2668.0,2674.25,2652.25,2670.25,2670.25,1281751
2018-05-09,2669.75,2700.0,2666.5,2696.0,2696.0,1251722
2018-05-10,2696.0,2725.0,2692.75,2718.75,2718.75,1173629
2018-05-11,2716.25,2732.5,2716.25,2729.5,2729.5,1066248
2018-05-14,2727.25,2741.25,2724.25,2731.0,2731.0,945963
2018-05-15,2728.5,2731.25,2700.5,2709.0,2709.0,1519108
2018-05-16,2711.25,2728.0,2704.5,2723.0,2723.0,1057687
2018-05-17,2721.75,2732.0,2711.0,2718.75,2718.75,1071506
2018-05-18,2718.75,2727.0,2708.75,2713.0,2713.0,1013073
2018-05-21,2728.75,2739.25,2724.25,2733.0,2733.0,951913
2018-05-22,2731.25,2741.75,2721.5,2726.0,2726.0,891511
2018-05-23,2724.5,2733.0,2704.5,2730.75,2730.75,1295885
2018-05-24,2729.75,2733.25,2705.75,2727.5,2727.5,1277264
2018-05-25,2726.75,2737.75,2713.75,2718.25,2718.25,993783
2018-05-29,2721.25,2724.25,2675.0,2692.25,2692.25,1989677
2018-05-30,2693.25,2729.25,2685.75,2724.5,2724.5,1424364
2018-05-31,2720.25,2728.25,2699.75,2705.5,2705.5,1665452
2018-06-01,2707.5,2737.0,2706.0,2733.75,2733.75,1241171
2018-06-04,2731.0,2749.25,2729.0,2745.5,2745.5,857850
2018-06-05,2746.0,2753.25,2739.0,2751.5,2751.5,1027609
2018-06-06,2751.0,2774.75,2748.0,2772.25,2772.25,1326401
2018-06-07,2773.25,2779.75,2760.0,2772.25,2772.25,1773923
2018-06-08,2771.0,2779.75,2752.0,2778.75,2778.75,1367033
2018-06-11,2771.0,2790.5,2770.5,2783.0,2783.0,1218834
2018-06-12,2781.25,2789.75,2778.5,2784.0,2784.0,988748
2018-06-13,2788.0,2791.75,2773.75,2774.25,2774.25,614173
2018-06-14,2773.25,2789.25,2767.5,2783.25,2783.25,398105
2018-06-15,2782.5,2784.0,2766.25,2776.5,2776.5,1512061
2018-06-18,2780.0,2786.75,2761.25,2779.75,2779.75,993118
2018-06-19,2778.25,2780.25,2735.75,2766.25,2766.25,1657081
2018-06-20,2765.25,2778.25,2757.25,2772.0,2772.0,1082802
2018-06-21,2771.75,2785.25,2747.0,2752.5,2752.5,1493235
2018-06-22,2750.5,2768.5,2749.25,2759.5,2759.5,1108771
2018-06-25,2757.0,2758.0,2700.5,2722.25,2722.25,2206994
2018-06-26,2721.75,2735.25,2714.75,2728.5,2728.5,1399067
2018-06-27,2726.5,2748.0,2701.0,2705.0,2705.0,2117686
2018-06-28,2705.0,2726.25,2693.25,2719.5,2719.5,1678667
2018-06-29,2720.0,2745.5,2716.75,2721.5,2721.5,1641889
2018-07-02,2721.0,2728.5,2698.5,2727.25,2727.25,1213215
2018-07-05,2713.0,2739.75,2710.75,2738.5,2738.5,1165235
2018-07-06,2737.0,2766.25,2731.25,2763.0,2763.0,1287758
2018-07-09,2762.0,2788.0,2761.75,2787.5,2787.5,970337
2018-07-10,2787.5,2797.75,2780.5,2796.75,2796.75,925706
2018-07-11,2780.75,2787.75,2765.75,2774.0,2774.0,1369176
2018-07-12,2776.75,2801.0,2773.75,2798.5,2798.5,1120424
2018-07-13,2798.5,2807.25,2793.25,2803.25,2803.25,952307
2018-07-16,2804.75,2809.0,2795.0,2796.5,2796.5,801608
2018-07-17,2795.75,2815.75,2789.75,2811.25,2811.25,1059163
2018-07-18,2813.0,2818.25,2806.75,2816.0,2816.0,860523
2018-07-19,2814.5,2818.0,2800.25,2805.25,2805.25,1082645
2018-07-20,2805.5,2810.5,2793.0,2800.75,2800.75,1013663
2018-07-23,2805.25,2812.5,2792.5,2812.0,2812.0,812481
2018-07-24,2810.5,2831.25,2810.25,2821.0,2821.0,1347688
2018-07-25,2819.25,2849.5,2814.0,2841.25,2841.25,1302896
2018-07-26,2835.25,2846.5,2833.25,2842.5,2842.5,1039552
2018-07-27,2840.25,2847.0,2808.75,2817.5,2817.5,1492056
2018-07-30,2816.0,2821.75,2798.25,2803.25,2803.25,1169457
2018-07-31,2805.5,2827.75,2802.75,2817.0,2817.0,1366896
2018-08-01,2824.25,2825.75,2805.5,2810.75,2810.75,1098291
2018-08-02,2814.0,2831.25,2791.0,2828.5,2828.5,1238138
2018-08-03,2830.75,2841.5,2824.75,2839.5,2839.5,922242
2018-08-06,2841.5,2853.5,2835.0,2850.0,2850.0,797324
2018-08-07,2849.25,2863.75,2848.25,2859.75,2859.75,780222
2018-08-08,2860.5,2862.5,2852.5,2855.25,2855.25,745412
2018-08-09,2853.5,2862.75,2850.5,2853.75,2853.75,696695
2018-08-10,2852.5,2852.75,2826.0,2836.75,2836.75,1416182
2018-08-13,2835.75,2843.75,2820.0,2825.5,2825.5,1282874
2018-08-14,2826.75,2843.5,2825.75,2841.0,2841.0,1022577
2018-08-15,2841.75,2843.0,2803.0,2821.25,2821.25,1871800
2018-08-16,2822.25,2851.75,2817.5,2844.75,2844.75,1271529
2018-08-17,2843.5,2857.0,2835.0,2852.25,2852.25,1202980
2018-08-20,2851.75,2860.75,2850.25,2858.5,2858.5,817383
2018-08-21,2856.75,2874.0,2852.0,2861.75,2861.75,1055051
2018-08-22,2853.0,2868.25,2846.25,2861.25,2861.25,996434
2018-08-23,2861.75,2869.75,2854.75,2858.0,2858.0,1050042
2018-08-24,2858.25,2877.5,2856.25,2876.75,2876.75,1058571
2018-08-27,2877.75,2899.5,2876.75,2898.5,2898.5,961496
2018-08-28,2899.0,2906.25,2894.25,2899.25,2899.25,902705
2018-08-29,2900.5,2917.5,2897.5,2914.75,2914.75,1113797
2018-08-30,2915.75,2916.25,2895.5,2902.0,2902.0,1331841
2018-08-31,2898.0,2907.5,2891.75,2902.0,2902.0,1323038
2018-09-04,2906.5,2912.5,2885.5,2898.25,2898.25,1605954
2018-09-05,2898.75,2900.5,2877.5,2888.25,2888.25,1604742
2018-09-06,2888.5,2893.0,2868.0,2879.0,2879.0,1633946
2018-09-07,2877.75,2885.0,2865.0,2874.75,2874.75,1692240
2018-09-10,2873.75,2888.25,2873.25,2880.25,2880.25,1248308
2018-09-11,2879.75,2893.0,2867.25,2889.75,2889.75,1269254
2018-09-12,2890.0,2895.25,2879.5,2888.5,2888.5,1581597
2018-09-13,2887.0,2907.0,2884.75,2905.25,2905.25,1641192
2018-09-14,2904.75,2912.25,2896.75,2906.25,2906.25,1203335
2018-09-17,2903.5,2906.25,2887.25,2891.0,2891.0,1161598
2018-09-18,2890.5,2912.5,2878.5,2906.5,2906.5,986831
2018-09-19,2907.75,2913.75,2900.75,2910.0,2910.0,563497
2018-09-20,2911.25,2935.75,2908.25,2934.0,2934.0,360700
2018-09-21,2934.75,2944.0,2932.25,2943.0,2943.0,1489417
2018-09-24,2929.5,2930.25,2917.75,2925.5,2925.5,1162107
2018-09-25,2926.5,2934.25,2918.25,2921.25,2921.25,1032045
2018-09-26,2922.5,2936.0,2907.5,2911.5,2911.5,1308995
2018-09-27,2911.5,2932.0,2907.5,2920.0,2920.0,1210835
2018-09-28,2922.25,2925.5,2908.0,2919.0,2919.0,1429127
2018-10-01,2922.5,2942.0,2922.5,2930.0,2930.0,1239963
2018-10-02,2929.25,2936.0,2917.5,2928.5,2928.5,1132507
2018-10-03,2929.0,2944.75,2924.75,2931.5,2931.5,1244514
2018-10-04,2926.0,2926.25,2887.75,2907.75,2907.75,2165850
2018-10-05,2910.0,2915.5,2873.25,2894.0,2894.0,2291213
2018-10-08,2897.5,2898.25,2866.0,2893.75,2893.75,1760642
2018-10-09,2892.25,2900.0,2874.5,2888.25,2888.25,1770753
2018-10-10,2886.75,2891.25,2771.5,2781.0,2781.0,3460738
2018-10-11,2776.5,2798.75,2712.25,2745.5,2745.5,4013855
2018-10-12,2748.5,2785.0,2732.25,2768.5,2768.5,2853415
2018-10-15,2770.0,2778.75,2745.25,2749.0,2749.0,1763922
2018-10-16,2747.5,2819.0,2745.5,2817.75,2817.75,1780311
2018-10-17,2816.25,2824.25,2783.25,2816.25,2816.25,1948526
2018-10-18,2813.25,2814.75,2756.5,2772.25,2772.25,2218738
2018-10-19,2774.75,2800.5,2762.25,2767.5,2767.5,2023613
2018-10-22,2758.0,2782.0,2749.75,2756.5,2756.5,1665740
2018-10-23,2755.75,2757.5,2692.25,2746.25,2746.25,2849774
2018-10-24,2745.25,2750.0,2652.25,2664.25,2664.25,2856919
2018-10-25,2673.75,2723.75,2658.75,2688.25,2688.25,2535913
2018-10-26,2678.0,2692.75,2627.25,2669.5,2669.5,3509803
2018-10-29,2667.0,2707.0,2603.0,2643.5,2643.5,2786555
2018-10-30,2639.0,2690.25,2633.25,2685.25,2685.25,2503396
2018-10-31,2690.75,2737.25,2682.0,2711.0,2711.0,2469662
2018-11-01,2706.0,2741.25,2705.5,2738.0,2738.0,1820142
2018-11-02,2724.0,2766.25,2699.5,2724.25,2724.25,2372699
2018-11-05,2722.5,2743.75,2712.75,2739.5,2739.5,1311938
2018-11-06,2739.0,2761.0,2729.75,2759.0,2759.0,1269341
2018-11-07,2756.75,2817.75,2744.75,2816.5,2816.5,1894012
2018-11-08,2815.75,2818.0,2795.0,2808.75,2808.75,1317225
2018-11-09,2804.0,2811.25,2764.5,2779.0,2779.0,1724880
2018-11-12,2778.75,2795.25,2722.25,2727.75,2727.75,1921301
2018-11-13,2732.0,2755.75,2714.5,2727.5,2727.5,2101869
2018-11-14,2731.25,2748.25,2686.25,2698.5,2698.5,2295505
2018-11-15,2702.0,2736.75,2671.25,2734.5,2734.5,2383852
2018-11-16,2731.75,2748.75,2708.75,2743.0,2743.0,1875116
2018-11-19,2733.0,2748.0,2681.5,2696.25,2696.25,1988117
2018-11-20,2696.25,2696.75,2631.75,2640.0,2640.0,2533128
2018-11-21,2639.75,2671.25,2632.25,2649.0,2649.0,1454916
2018-11-26,2633.5,2676.25,2631.5,2670.0,2670.0,1374735
2018-11-27,2661.0,2686.75,2655.25,2683.5,2683.5,1503048
2018-11-28,2686.25,2745.0,2681.0,2741.5,2741.5,1866115
2018-11-29,2738.0,2754.5,2723.25,2744.25,2744.25,1489330
2018-11-30,2742.0,2764.75,2729.0,2758.25,2758.25,1475346
2018-12-03,2793.5,2814.0,2773.5,2790.75,2790.75,1909240
2018-12-04,2789.75,2790.5,2696.0,2701.75,2701.75,2709938
2018-12-06,2713.25,2714.0,2621.25,2691.0,2691.0,3308356
2018-12-07,2694.25,2709.75,2623.25,2636.0,2636.0,2596155
2018-12-10,2625.0,2648.5,2583.0,2643.0,2643.0,2564357
2018-12-11,2644.0,2678.0,2621.25,2641.25,2641.25,2265284
2018-12-12,2632.5,2686.5,2631.75,2652.5,2652.5,1900862
2018-12-13,2653.0,2671.0,2637.25,2645.5,2645.5,2043406
2018-12-14,2646.5,2648.75,2594.0,2602.0,2602.0,1664325
2018-12-17,2594.0,2613.75,2530.5,2552.5,2552.5,1602680
2018-12-18,2553.75,2574.75,2528.0,2535.75,2535.75,1215895
2018-12-19,2530.5,2593.25,2488.0,2503.25,2503.25,823819
2018-12-20,2503.5,2517.5,2441.0,2485.75,2485.75,630214
2018-12-21,2487.0,2491.25,2466.75,2467.75,2467.75,3016623
2018-12-26,2348.5,2477.75,2316.75,2471.0,2471.0,2015176
2018-12-27,2470.25,2498.75,2397.0,2495.0,2495.0,2283892
2018-12-28,2491.5,2523.0,2472.75,2486.0,2486.0,2011392
2018-12-31,2495.5,2513.0,2482.75,2505.25,2505.25,1414594
2019-01-02,2508.0,2521.25,2452.25,2511.0,2511.0,1969697
2019-01-03,2482.25,2493.5,2443.25,2447.75,2447.75,2257341
2019-01-04,2451.75,2539.25,2438.5,2531.25,2531.25,2350836
2019-01-07,2537.25,2567.5,2523.25,2550.5,2550.5,1632131
2019-01-08,2553.25,2581.25,2547.5,2572.5,2572.5,1664892
2019-01-09,2569.5,2596.75,2568.5,2582.5,2582.5,1596941
2019-01-10,2580.0,2599.5,2560.5,2594.0,2594.0,1534119
2019-01-11,2594.0,2597.75,2577.0,2595.0,2595.0,1213026
2019-01-14,2588.5,2592.0,2567.25,2580.5,2580.5,1199404
2019-01-15,2581.5,2613.75,2580.0,2605.5,2605.5,1532494
2019-01-16,2605.75,2626.25,2602.5,2613.25,2613.25,1330329
2019-01-17,2614.5,2645.5,2596.5,2635.25,2635.25,1508869
2019-01-18,2636.75,2677.75,2632.75,2671.5,2671.5,1753852
2019-01-22,2669.25,2673.5,2616.5,2632.0,2632.0,1880446
2019-01-23,2630.75,2653.75,2612.5,2638.25,2638.25,1576181
2019-01-24,2635.0,2647.5,2626.0,2634.0,2634.0,1266714
2019-01-25,2636.25,2672.5,2634.5,2663.5,2663.5,1388741
2019-01-28,2660.0,2663.5,2622.25,2642.0,2642.0,1408636
2019-01-29,2640.25,2650.0,2628.5,2640.25,2640.25,1261703
2019-01-30,2648.5,2689.75,2636.25,2682.5,2682.5,1564987
2019-01-31,2683.5,2713.0,2675.75,2704.5,2704.5,1935195
2019-02-01,2707.75,2716.0,2695.5,2704.25,2704.25,1469597
2019-02-04,2699.25,2725.0,2697.0,2721.25,2721.25,1024581
2019-02-05,2719.5,2737.75,2716.25,2731.0,2731.0,1225737
2019-02-06,2730.75,2736.5,2722.25,2729.5,2729.5,1196377
2019-02-07,2727.0,2729.25,2685.5,2704.0,2704.0,1921663
2019-02-08,2702.0,2709.0,2680.75,2706.25,2706.25,1579544
2019-02-11,2710.75,2721.5,2700.5,2708.25,2708.25,1110070
2019-02-12,2707.0,2748.0,2705.5,2744.75,2744.75,1307152
2019-02-13,2743.5,2762.0,2742.75,2749.5,2749.5,1209879
2019-02-14,2749.25,2763.0,2730.25,2743.5,2743.5,1679091
2019-02-15,2741.25,2778.5,2729.0,2777.0,2777.0,1518783
2019-02-19,2777.0,2787.5,2766.0,2778.75,2778.75,1198092
2019-02-20,2777.75,2790.75,2773.25,2787.0,2787.0,1284923
2019-02-21,2787.0,2798.0,2764.25,2774.25,2774.25,1426061
2019-02-22,2773.5,2795.5,2770.5,2791.25,2791.25,1190834
2019-02-25,2799.5,2814.0,2794.5,2797.0,2797.0,1256092
2019-02-26,2795.75,2803.5,2783.25,2791.5,2791.5,1201641
2019-02-27,2788.0,2797.25,2775.0,2795.0,2795.0,1138855
2019-02-28,2795.25,2795.75,2781.75,2784.75,2784.75,1360457
2019-03-01,2785.25,2808.25,2783.0,2805.0,2805.0,1265597
2019-03-04,2814.0,2819.75,2767.5,2791.5,2791.5,1791972
2019-03-05,2790.5,2799.0,2783.25,2791.5,2791.5,1203448
2019-03-06,2786.5,2792.75,2768.5,2771.5,2771.5,1509846
2019-03-07,2770.5,2776.25,2738.5,2750.0,2750.0,1919820
2019-03-08,2749.0,2751.5,2722.0,2747.0,2747.0,1380324
2019-03-11,2745.5,2787.5,2736.75,2784.0,2784.0,1300372
2019-03-12,2784.75,2798.25,2780.5,2792.0,2792.0,958317
2019-03-13,2792.25,2821.25,2783.0,2814.5,2814.5,583009
2019-03-14,2816.0,2820.0,2803.75,2807.25,2807.25,330522
2019-03-15,2808.0,2821.5,2807.5,2811.889892578125,2811.889892578125,1382358
2019-03-18,2827.0,2842.0,2824.0,2840.5,2840.5,1036540
2019-03-19,2841.5,2858.75,2829.0,2836.5,2836.5,1497577
2019-03-20,2837.25,2849.25,2817.25,2827.0,2827.0,1693207
2019-03-21,2823.75,2866.0,2813.75,2862.5,2862.5,1657949
2019-03-22,2859.5,2864.75,2805.25,2810.75,2810.75,2254842
2019-03-25,2813.0,2818.5,2789.5,2807.0,2807.0,1801326
2019-03-26,2808.5,2835.0,2806.0,2823.0,2823.0,1461068
2019-03-27,2823.5,2831.75,2791.75,2810.5,2810.5,1726746
2019-03-28,2807.0,2824.25,2795.0,2821.0,2821.0,1185882
2019-03-29,2820.5,2840.75,2820.25,2837.75,2837.75,1491974
2019-04-01,2844.5,2873.5,2844.5,2870.5,2870.5,1256933
2019-04-02,2868.5,2873.75,2862.25,2867.0,2867.0,859942
2019-04-03,2866.0,2889.25,2865.25,2879.75,2879.75,1240848
2019-04-04,2880.75,2885.75,2871.0,2882.75,2882.75,1045539
2019-04-05,2882.5,2898.0,2880.5,2896.0,2896.0,1221029
2019-04-08,2896.25,2899.75,2884.25,2898.25,2898.25,978909
2019-04-09,2898.5,2900.0,2877.25,2882.5,2882.5,1182395
2019-04-10,2882.0,2896.0,2878.0,2894.5,2894.5,972310
2019-04-11,2894.75,2900.0,2885.25,2891.75,2891.75,968649
2019-04-12,2892.0,2914.75,2890.75,2912.5,2912.5,1227893
2019-04-15,2912.0,2914.5,2900.5,2909.5,2909.5,955662
2019-04-16,2910.25,2921.25,2904.5,2911.5,2911.5,1124491
2019-04-17,2910.25,2923.5,2898.5,2900.5,2900.5,1382265
2019-04-18,2901.0,2911.75,2889.5,2910.0,2910.0,1335778
2019-04-22,2908.75,2915.75,2899.0,2912.5,2912.5,706067
2019-04-23,2911.75,2939.75,2908.0,2938.0,2938.0,1193738
2019-04-24,2937.25,2939.75,2927.75,2930.75,2930.75,1125250
2019-04-25,2930.0,2935.75,2914.25,2926.25,2926.25,1376185
2019-04-26,2923.75,2942.75,2917.25,2941.5,2941.5,1246988
2019-04-29,2939.25,2951.5,2937.75,2943.0,2943.0,944846
2019-04-30,2942.5,2956.5,2926.0,2948.5,2948.5,1491268
2019-05-01,2955.0,2961.25,2916.0,2923.0,2923.0,1502201
2019-05-02,2916.5,2932.75,2901.0,2917.5,2917.5,1813837
2019-05-03,2918.5,2949.5,2916.5,2947.5,2947.5,1295606
2019-05-06,2917.75,2938.25,2883.5,2932.5,2932.5,2037157
2019-05-07,2911.75,2930.5,2862.5,2890.75,2890.75,2813033
2019-05-08,2889.75,2899.5,2868.75,2887.25,2887.25,2043325
2019-05-09,2884.0,2885.5,2836.25,2872.75,2872.75,2705412
2019-05-10,2869.75,2893.0,2826.0,2887.0,2887.0,2848095
2019-05-13,2858.5,2869.25,2802.0,2807.0,2807.0,2790074
2019-05-14,2806.0,2853.75,2799.75,2839.25,2839.25,1797995
2019-05-15,2840.75,2860.0,2815.0,2855.0,2855.0,1753507
2019-05-16,2853.5,2894.0,2840.5,2878.5,2878.5,1687728
2019-05-17,2879.75,2887.5,2852.5,2862.0,2862.0,1926351
2019-05-20,2861.5,2876.5,2832.5,2844.0,2844.0,1659139
2019-05-21,2848.0,2870.75,2846.25,2866.0,2866.0,1303238
2019-05-22,2864.75,2869.5,2848.25,2857.5,2857.5,1258767
2019-05-23,2857.75,2858.5,2805.75,2819.5,2819.5,2013518
2019-05-24,2821.75,2842.0,2819.25,2831.75,2831.75,1201967
2019-05-28,2831.0,2841.25,2800.5,2805.0,2805.0,1633540
2019-05-29,2804.25,2806.0,2766.25,2780.0,2780.0,2087458
2019-05-30,2779.5,2799.0,2776.5,2790.5,2790.5,1282029
2019-05-31,2788.75,2791.0,2750.0,2752.5,2752.5,2211587
2019-06-03,2741.0,2763.75,2728.75,2749.5,2749.5,2297243
2019-06-04,2754.0,2806.25,2744.0,2805.0,2805.0,1836910
2019-06-05,2806.5,2829.5,2801.0,2827.75,2827.75,1743779
2019-06-06,2820.5,2853.0,2812.75,2845.75,2845.75,1566762
2019-06-07,2840.0,2886.25,2838.0,2875.0,2875.0,1687328
2019-06-10,2893.25,2905.75,2880.5,2889.25,2889.25,1416247
2019-06-11,2890.25,2911.5,2879.25,2887.0,2887.0,1397028
2019-06-12,2887.25,2891.0,2875.25,2881.0,2881.0,1205406
2019-06-13,2882.0,2896.5,2867.25,2894.5,2894.5,1437516
2019-06-14,2893.75,2898.75,2880.5,2890.5,2890.5,1257750
2019-06-17,2890.75,2900.75,2887.75,2892.0,2892.0,1157402
2019-06-18,2893.5,2931.75,2884.5,2921.75,2921.75,1073047
2019-06-19,2920.5,2932.5,2909.0,2929.0,2929.0,638949
2019-06-20,2926.75,2960.0,2926.0,2955.75,2955.75,473310
2019-06-21,2953.75,2956.0,2944.0,2953.89990234375,2953.89990234375,1547604
2019-06-24,2948.0,2961.75,2947.25,2952.0,2952.0,910166
2019-06-25,2951.0,2958.25,2920.0,2922.0,2922.0,1417191
2019-06-26,2922.5,2939.0,2914.5,2918.0,2918.0,1232682
2019-06-27,2914.75,2935.75,2914.75,2931.0,2931.0,1060248
2019-06-28,2932.75,2955.25,2930.0,2944.25,2944.25,1322759
2019-07-01,2970.0,2981.75,2955.5,2967.75,2967.75,1457722
2019-07-02,2968.0,2980.0,2958.5,2979.5,2979.5,1119495
2019-07-05,3000.75,3006.0,2971.25,2990.5,2990.5,1339312
2019-07-08,2990.75,2994.75,2973.25,2978.5,2978.5,1016611
2019-07-09,2977.75,2986.25,2963.5,2982.0,2982.0,956650
2019-07-10,2982.25,3007.5,2971.25,2997.5,2997.5,1422362
2019-07-11,2996.0,3006.75,2992.5,3004.0,3004.0,1181911
2019-07-12,3003.0,3018.0,3002.25,3015.5,3015.5,969956
2019-07-15,3015.25,3023.5,3010.75,3017.25,3017.25,829936
2019-07-16,3017.25,3021.75,3004.5,3007.0,3007.0,939814
2019-07-17,3005.75,3013.0,2980.5,2985.0,2985.0,1039457
2019-07-18,2980.75,3005.25,2974.5,2997.5,2997.5,1345038
2019-07-19,3003.75,3009.75,2969.5,2977.0,2977.0,1482373
2019-07-22,2974.5,2993.5,2972.5,2989.0,2989.0,1098399
2019-07-23,2988.75,3008.5,2987.5,3008.0,3008.0,1056909
2019-07-24,3003.0,3022.0,2996.0,3021.5,3021.5,1068766
2019-07-25,3018.0,3027.75,2998.0,3006.5,3006.5,1333721
2019-07-26,3006.5,3029.5,3006.0,3024.5,3024.5,961015
2019-07-29,3022.0,3027.25,3015.5,3021.75,3021.75,823572
2019-07-30,3022.25,3027.5,3001.5,3012.25,3012.25,1182050
2019-07-31,3016.25,3020.75,2958.0,2982.25,2982.25,1951108
2019-08-01,2970.25,3014.25,2944.5,2952.0,2952.0,2736926
2019-08-02,2950.25,2961.0,2913.5,2932.5,2932.5,2447014
2019-08-05,2929.25,2933.5,2820.5,2830.0,2830.0,3072122
2019-08-06,2816.25,2883.75,2775.75,2876.0,2876.0,2601037
2019-08-07,2873.75,2891.5,2823.25,2880.5,2880.5,2680813
2019-08-08,2879.0,2940.75,2870.5,2940.0,2940.0,1800667
2019-08-09,2928.0,2935.75,2899.0,2919.75,2919.75,2026304
2019-08-12,2918.75,2931.0,2872.5,2880.25,2880.25,1710875
2019-08-13,2882.25,2944.25,2866.75,2932.0,2932.0,2184012
2019-08-14,2931.0,2936.5,2835.75,2840.75,2840.75,2786308
2019-08-15,2836.0,2871.75,2817.75,2848.5,2848.5,2495340
2019-08-16,2851.0,2894.75,2849.5,2891.5,2891.5,1631175
2019-08-19,2893.0,2932.25,2892.5,2923.75,2923.75,1285798
2019-08-20,2921.25,2932.25,2894.25,2898.25,2898.25,1475214
2019-08-21,2893.25,2932.5,2893.0,2929.25,2929.25,1180368
2019-08-22,2931.25,2939.75,2904.25,2922.25,2922.25,1470309
2019-08-23,2920.25,2936.75,2834.0,2855.5,2855.5,2864662
2019-08-26,2831.0,2888.5,2810.25,2883.25,2883.25,1850231
2019-08-27,2882.75,2899.5,2860.0,2865.5,2865.5,1528362
2019-08-28,2866.25,2890.5,2851.75,2889.75,2889.75,1489617
2019-08-29,2883.25,2930.75,2875.25,2926.75,2926.75,1489670
2019-08-30,2923.25,2946.5,2913.25,2924.75,2924.75,1642516
2019-09-03,2901.0,2926.5,2889.0,2906.0,2906.0,1999829
2019-09-04,2903.0,2939.5,2902.0,2938.5,2938.5,1252834
2019-09-05,2938.0,2986.5,2936.5,2972.0,2972.0,1669999
2019-09-06,2970.75,2988.25,2970.25,2980.75,2980.75,1182287
2019-09-09,2980.25,2991.5,2969.5,2978.25,2978.25,1199935
2019-09-10,2979.25,2985.0,2957.25,2978.5,2978.5,1493346
2019-09-11,2979.0,3004.25,2972.0,3002.0,3002.0,1423833
2019-09-12,3003.0,3021.75,3001.0,3011.75,3011.75,1745651
2019-09-13,3010.0,3023.75,3003.5,3006.5,3006.5,1275710
2019-09-16,2993.5,3003.25,2981.25,2999.0,2999.0,1197095
2019-09-17,3001.75,3006.5,2991.5,3005.5,3005.5,1096388
2019-09-18,3006.0,3011.0,2978.5,3006.25,3006.25,637344
2019-09-19,3008.0,3022.25,2988.75,3006.0,3006.0,372849
2019-09-20,3005.5,3015.5,3001.75,3013.610107421875,3013.610107421875,1476593
2019-09-23,2995.75,3008.25,2982.0,2997.0,2997.0,1044218
2019-09-24,3001.0,3012.25,2958.5,2970.25,2970.25,1936806
2019-09-25,2971.0,2991.75,2953.75,2986.25,2986.25,1501723
2019-09-26,2985.75,2995.0,2964.25,2980.5,2980.5,1351351
2019-09-27,2979.75,2993.0,2946.25,2963.75,2963.75,1673557
2019-09-30,2976.0,2986.25,2964.5,2978.5,2978.5,1155807
2019-10-01,2984.0,2994.5,2937.0,2937.75,2937.75,1601531
2019-10-02,2942.25,2949.0,2874.0,2880.5,2880.5,2126769
2019-10-03,2883.75,2912.5,2855.0,2911.75,2911.75,2037970
2019-10-04,2911.5,2953.25,2896.75,2951.0,2951.0,1497975
2019-10-07,2929.75,2959.5,2928.0,2937.5,2937.5,1266872
2019-10-08,2934.5,2950.0,2890.5,2892.5,2892.5,1865325
2019-10-09,2893.5,2934.25,2888.25,2919.0,2919.0,1305749
2019-10-10,2920.5,2954.0,2881.75,2941.0,2941.0,1577766
2019-10-11,2949.0,2994.0,2941.75,2970.75,2970.75,1743810
2019-10-14,2968.0,2982.5,2953.75,2965.5,2965.5,833670
2019-10-15,2966.75,3003.25,2966.5,2997.75,2997.75,1181207
2019-10-16,2996.5,2997.75,2984.75,2991.5,2991.5,1148118
2019-10-17,2992.25,3008.0,2985.25,2998.0,2998.0,1121748
2019-10-18,2997.75,3001.25,2975.0,2988.25,2988.25,1335276
2019-10-21,2984.75,3007.5,2983.75,3006.5,3006.5,886557
2019-10-22,3006.5,3014.25,2988.25,2994.5,2994.5,1125601
2019-10-23,2992.0,3006.0,2982.0,3005.75,3005.75,1055958
2019-10-24,3006.0,3015.25,2998.75,3004.25,3004.25,1061278
2019-10-25,3003.75,3026.5,3000.0,3020.25,3020.25,1098391
2019-10-28,3023.0,3042.75,3022.75,3036.25,3036.25,1041931
2019-10-29,3038.25,3046.25,3029.5,3035.75,3035.75,1040149
2019-10-30,3036.5,3055.0,3023.25,3047.75,3047.75,1179153
2019-10-31,3051.75,3052.0,3020.25,3035.75,3035.75,1766536
2019-11-01,3036.0,3065.0,3033.0,3063.25,3063.25,1279508
2019-11-04,3064.75,3083.75,3064.75,3075.75,3075.75,1179714
2019-11-05,3076.75,3085.75,3069.75,3072.0,3072.0,1124217
2019-11-06,3071.5,3078.0,3063.0,3075.5,3075.5,1076833
2019-11-07,3077.25,3097.0,3070.25,3086.0,3086.0,1353330
2019-11-08,3086.25,3092.5,3072.5,3090.5,3090.5,1080147
2019-11-11,3090.5,3092.25,3074.5,3087.5,3087.5,844597
2019-11-12,3087.75,3102.0,3081.25,3092.0,3092.0,1101243
2019-11-13,3091.25,3097.0,3075.75,3095.5,3095.5,1251057
2019-11-14,3096.25,3099.75,3081.75,3097.0,3097.0,1105353
2019-11-15,3097.0,3119.5,3095.75,3118.25,3118.25,1251167
2019-11-18,3119.0,3127.75,3111.0,3121.75,3121.75,1034214
2019-11-19,3121.5,3132.5,3112.75,3118.5,3118.5,1195901
2019-11-20,3116.5,3118.5,3090.75,3109.0,3109.0,1693828
2019-11-21,3097.25,3114.5,3091.25,3104.0,3104.0,1434552
2019-11-22,3104.0,3114.5,3097.75,3111.5,3111.5,995416
2019-11-25,3119.0,3133.5,3116.5,3132.75,3132.75,947831
2019-11-26,3131.25,3145.0,3128.0,3143.75,3143.75,1068011
2019-11-27,3143.75,3155.0,3141.75,3153.75,3153.75,928792
2019-12-02,3146.25,3158.0,3110.25,3114.25,3114.25,1927030
2019-12-03,3114.25,3121.75,3069.5,3091.0,3091.0,2146620
2019-12-04,3091.75,3119.5,3081.75,3111.0,3111.0,1485940
2019-12-05,3111.0,3124.75,3103.25,3117.75,3117.75,1318780
2019-12-06,3117.75,3151.0,3117.0,3146.0,3146.0,1300299
2019-12-09,3146.5,3149.5,3131.25,3134.5,3134.5,1145426
2019-12-10,3133.5,3143.0,3116.25,3136.0,3136.0,1425723
2019-12-11,3135.5,3144.5,3129.5,3143.0,3143.0,1225764
2019-12-12,3144.0,3177.5,3137.25,3168.0,3168.0,2379008
2019-12-13,3175.75,3185.0,3156.75,3172.0,3172.0,1834941
2019-12-16,3176.5,3198.75,3173.75,3194.25,3194.25,1413219
2019-12-17,3192.5,3199.25,3187.75,3192.0,3192.0,1032120
2019-12-18,3189.5,3199.0,3188.5,3194.75,3194.75,582632
2019-12-19,3195.0,3209.0,3190.25,3207.0,3207.0,433420
2019-12-20,3208.5,3231.02001953125,3204.25,3231.02001953125,3231.02001953125,1320006
2019-12-23,3227.0,3234.25,3224.25,3227.25,3227.25,665895
2019-12-26,3227.5,3244.75,3227.0,3244.5,3244.5,464639
2019-12-27,3242.0,3254.0,3235.5,3237.5,3237.5,984389
2019-12-30,3238.25,3244.25,3217.25,3223.5,3223.5,1124598
2019-12-31,3223.25,3236.25,3213.0,3231.0,3231.0,1157924
2020-01-02,3237.0,3261.75,3234.25,3259.0,3259.0,1416241
2020-01-03,3261.0,3263.5,3206.75,3235.5,3235.5,1755057
2020-01-06,3220.25,3249.5,3208.75,3243.5,3243.5,1502748
2020-01-07,3243.5,3254.5,3226.0,3235.25,3235.25,1293494
2020-01-08,3231.75,3267.75,3181.0,3260.25,3260.25,2279138
2020-01-09,3261.25,3276.75,3257.75,3276.0,3276.0,1297679
2020-01-10,3275.5,3287.0,3260.75,3264.75,3264.75,1533121
2020-01-13,3265.75,3291.0,3265.5,3289.75,3289.75,1008998
2020-01-14,3289.25,3296.75,3275.25,3288.0,3288.0,1694799
2020-01-15,3287.75,3299.0,3277.75,3293.75,3293.75,1468347
2020-01-16,3294.25,3318.0,3294.0,3316.5,3316.5,1335246
2020-01-17,3316.75,3330.25,3316.0,3325.0,3325.0,1312253
2020-01-21,3325.0,3329.75,3307.25,3319.5,3319.5,1573187
2020-01-22,3321.25,3337.5,3315.25,3319.75,3319.75,1505107
2020-01-23,3317.25,3327.0,3301.25,3326.0,3326.0,1717046
2020-01-24,3326.5,3337.0,3280.5,3293.5,3293.5,2515168
2020-01-27,3269.75,3269.75,3233.0,3239.5,3239.5,2581636
2020-01-28,3239.5,3285.0,3238.75,3278.25,3278.25,1910878
2020-01-29,3281.75,3292.75,3265.25,3272.5,3272.5,1665382
2020-01-30,3271.5,3295.25,3239.75,3289.75,3289.75,2421276
2020-01-31,3292.0,3297.5,3212.75,3224.0,3224.0,3152069
2020-02-03,3222.75,3267.25,3222.0,3245.5,3245.5,1919477
2020-02-04,3244.25,3305.25,3236.0,3299.5,3299.5,1698403
2020-02-05,3300.25,3338.0,3288.25,3335.0,3335.0,2046111
2020-02-06,3337.0,3357.75,3332.5,3345.25,3345.25,1462323
2020-02-07,3349.0,3350.0,3320.75,3325.5,3325.5,1698940
2020-02-10,3322.25,3353.5,3303.5,3353.0,3353.0,1399815
2020-02-11,3351.0,3374.5,3349.25,3357.5,3357.5,1486164
2020-02-12,3360.5,3381.5,3355.5,3380.5,3380.5,1229231
2020-02-13,3381.25,3384.75,3348.5,3377.5,3377.5,1772784
2020-02-14,3379.5,3388.5,3365.25,3381.0,3381.0,1334897
2020-02-18,3382.25,3392.5,3355.25,3369.25,3369.25,1735931
2020-02-19,3372.0,3393.75,3370.75,3387.25,3387.25,1163426
2020-02-20,3391.75,3397.5,3339.25,3369.25,3369.25,2073749
2020-02-21,3367.0,3369.25,3328.0,3339.25,3339.25,2293728
2020-02-24,3309.0,3312.0,3213.75,3226.25,3226.25,3636687
2020-02-25,3223.0,3259.5,3117.25,3132.5,3132.5,4375530
2020-02-26,3138.0,3182.0,3091.0,3110.25,3110.25,3889097
2020-02-27,3100.25,3117.0,2944.5,2957.0,2957.0,4734434
2020-02-28,2950.0,2996.0,2853.25,2951.0,2951.0,5715227
2020-03-02,2900.0,3093.25,2889.25,3065.0,3065.0,3689149
2020-03-03,3077.0,3137.0,2973.0,2997.0,2997.0,3754363
2020-03-04,2988.25,3129.5,2976.5,3114.75,3114.75,2590464
2020-03-05,3109.25,3113.75,2996.5,3015.5,3015.5,2807262
2020-03-06,3024.25,3037.0,2898.0,2964.0,2964.0,3163400
2020-03-09,2916.0,2916.0,2715.0,2747.75,2747.75,2672753
2020-03-10,2733.0,2884.75,2695.25,2865.75,2865.75,3423140
2020-03-11,2859.5,2869.5,2702.75,2740.25,2740.25,2992894
2020-03-12,2738.0,2774.0,2442.5,2469.0,2469.0,4366577
2020-03-13,2429.5,2707.75,2393.5,2696.0,2696.0,3423449
2020-03-16,2673.75,2675.0,2360.25,2416.25,2416.25,2378284
2020-03-17,2417.25,2554.5,2365.0,2495.5,2495.5,1683796
2020-03-18,2478.5,2498.0,2274.75,2414.0,2414.0,976536
2020-03-19,2414.25,2474.0,2288.0,2403.25,2403.25,631228
2020-03-20,2364.25,2512.75,2346.25,2437.97998046875,2437.97998046875,3075997
2020-03-23,2220.25,2386.0,2174.0,2220.5,2220.5,3076791
2020-03-24,2233.25,2447.75,2230.5,2438.0,2438.0,2639522
2020-03-25,2442.75,2560.75,2386.0,2467.0,2467.0,3037767
2020-03-26,2471.0,2625.75,2402.25,2608.0,2608.0,2413913
2020-03-27,2627.75,2634.5,2505.25,2524.0,2524.0,2320755
2020-03-30,2459.0,2621.75,2445.0,2611.25,2611.25,1837692
2020-03-31,2613.25,2635.75,2555.75,2569.75,2569.75,2248012
2020-04-01,2562.0,2562.25,2434.25,2448.0,2448.0,2091378
2020-04-02,2459.0,2525.0,2424.75,2516.5,2516.5,2145458
2020-04-03,2513.75,2529.5,2449.0,2482.75,2482.75,1763886
2020-04-06,2485.0,2668.5,2484.75,2644.5,2644.5,2034419
2020-04-07,2645.5,2750.0,2623.5,2642.0,2642.0,2486524
2020-04-08,2640.5,2752.5,2620.75,2735.0,2735.0,1920688
2020-04-09,2737.75,2809.5,2701.0,2779.75,2779.75,2342733
2020-04-13,2811.0,2819.5,2711.0,2759.25,2759.25,1571402
2020-04-14,2760.0,2846.0,2752.5,2843.0,2843.0,1716496
2020-04-15,2843.75,2845.5,2751.25,2775.0,2775.0,1831570
2020-04-16,2767.75,2831.5,2746.0,2787.5,2787.5,1749108
2020-04-17,2863.0,2885.0,2821.0,2870.0,2870.0,1924019
2020-04-20,2861.5,2875.5,2804.25,2806.5,2806.5,1566934
2020-04-21,2807.0,2833.25,2717.25,2732.0,2732.0,1969844
2020-04-22,2737.25,2808.0,2717.25,2788.5,2788.5,1369529
2020-04-23,2790.5,2836.75,2772.75,2780.75,2780.75,1703918
2020-04-24,2777.0,2835.0,2755.25,2829.5,2829.5,1293756
2020-04-27,2829.0,2881.25,2812.75,2869.0,2869.0,1224445
2020-04-28,2867.75,2913.5,2851.0,2867.25,2867.25,1614021
2020-04-29,2870.5,2959.75,2860.75,2941.0,2941.0,1737371
2020-04-30,2956.5,2965.0,2878.0,2902.5,2902.5,2027924
2020-05-01,2871.5,2879.75,2811.75,2821.75,2821.75,1647259
2020-05-04,2789.0,2835.75,2771.0,2825.25,2825.25,1510680
2020-05-05,2827.0,2889.75,2824.5,2858.25,2858.25,1474765
2020-05-06,2857.75,2886.25,2832.0,2833.5,2833.5,1466641
2020-05-07,2832.0,2895.0,2823.0,2880.0,2880.0,1494330
2020-05-08,2882.0,2933.0,2879.75,2928.5,2928.5,1326254
2020-05-11,2920.75,2947.0,2889.75,2922.75,2922.75,1528302
2020-05-12,2919.25,2939.25,2838.0,2852.5,2852.5,1824303
2020-05-13,2839.75,2876.75,2786.0,2813.0,2813.0,2591379
2020-05-14,2820.25,2853.75,2760.25,2847.0,2847.0,2501222
2020-05-15,2846.25,2863.5,2809.5,2846.5,2846.5,1897194
2020-05-18,2859.75,2964.75,2850.0,2948.0,2948.0,1775433
2020-05-19,2945.0,2976.25,2914.25,2918.75,2918.75,1567224
2020-05-20,2913.5,2975.75,2908.5,2968.5,2968.5,1532404
2020-05-21,2972.25,2973.5,2933.0,2937.0,2937.0,1608225
2020-05-22,2936.75,2957.5,2903.75,2953.0,2953.0,1377263
2020-05-26,2948.5,3019.75,2947.5,2994.5,2994.5,1797241
2020-05-27,2994.0,3039.5,2965.5,3035.5,3035.5,2109332
2020-05-28,3035.0,3065.5,3019.5,3038.0,3038.0,1881295
2020-05-29,3036.0,3058.25,2992.0,3042.0,3042.0,2258009
2020-06-01,3029.75,3059.0,3008.0,3054.0,3054.0,1277803
2020-06-02,3052.75,3079.0,3035.0,3077.0,3077.0,1458830
2020-06-03,3078.0,3129.5,3074.25,3117.75,3117.75,1623708
2020-06-04,3117.75,3126.75,3087.5,3110.5,3110.5,1830904
2020-06-05,3113.25,3210.5,3106.5,3186.75,3186.75,2444330
2020-06-08,3192.5,3231.25,3183.25,3227.5,3227.5,1602601
2020-06-09,3227.75,3231.0,3190.0,3205.5,3205.5,1695764
2020-06-10,3204.75,3227.25,3179.75,3186.0,3186.0,1996065
2020-06-11,3183.75,3188.5,2996.25,3010.25,3010.25,3528726
2020-06-12,3011.75,3087.75,2982.0,3034.75,3034.75,2872339
2020-06-15,2992.75,3079.25,2935.0,3073.0,3073.0,1947459
2020-06-16,3076.25,3167.75,3071.25,3128.75,3128.75,1377224
2020-06-17,3122.0,3157.75,3105.0,3118.0,3118.0,610877
2020-06-18,3115.0,3130.5,3075.25,3109.0,3109.0,373718
2020-06-19,3108.25,3196.0,3106.75,3161.260009765625,3161.260009765625,1952273
2020-06-22,3040.25,3114.25,3027.25,3110.75,3110.75,1392325
2020-06-23,3111.75,3145.75,3060.0,3118.5,3118.5,1528485
2020-06-24,3113.25,3128.5,3019.75,3049.0,3049.0,2387916
2020-06-25,3046.75,3079.5,3005.0,3070.75,3070.75,1967245
2020-06-26,3071.25,3082.0,2992.5,3007.0,3007.0,2208418
2020-06-29,2986.25,3051.25,2983.5,3047.75,3047.75,1585146
2020-06-30,3046.0,3101.25,3030.25,3090.25,3090.25,1724164
2020-07-01,3085.25,3117.75,3062.75,3103.0,3103.0,1537321
2020-07-02,3101.75,3156.5,3095.5,3129.0,3129.0,1552517
2020-07-06,3125.25,3174.5,3105.75,3172.0,3172.0,1459512
2020-07-07,3170.0,3184.0,3132.5,3136.5,3136.5,1333466
2020-07-08,3135.25,3166.25,3125.5,3163.5,3163.5,1527612
2020-07-09,3166.25,3170.75,3105.25,3141.0,3141.0,1881833
2020-07-10,3142.25,3181.25,3111.5,3178.5,3178.5,1408591
2020-07-13,3183.5,3226.25,3140.5,3148.25,3148.25,2074726
2020-07-14,3149.75,3192.25,3119.0,3183.5,3183.5,2256766
2020-07-15,3204.0,3233.25,3192.0,3219.5,3219.5,1937696
2020-07-16,3223.25,3228.5,3188.5,3194.5,3194.5,1471311
2020-07-17,3198.5,3225.25,3194.75,3214.0,3214.0,1261113
2020-07-20,3214.5,3250.5,3190.25,3245.25,3245.25,1401168
2020-07-21,3243.75,3273.25,3239.25,3251.25,3251.25,1463931
2020-07-22,3249.25,3271.75,3227.25,3265.5,3265.5,1354244
2020-07-23,3267.75,3284.5,3214.25,3227.5,3227.5,1704453
2020-07-24,3230.0,3239.0,3191.5,3204.0,3204.0,1761346
2020-07-27,3210.75,3235.0,3192.0,3232.25,3232.25,1299512
2020-07-28,3235.0,3246.75,3208.0,3213.0,3213.0,1375293
2020-07-29,3215.0,3257.0,3204.25,3252.5,3252.5,1218031
2020-07-30,3256.75,3269.0,3195.0,3248.75,3248.75,2000721
2020-07-31,3269.25,3273.75,3212.5,3263.5,3263.5,2282794
2020-08-03,3272.0,3295.5,3254.75,3288.5,3288.5,1250449
2020-08-04,3290.75,3300.5,3271.0,3300.0,3300.0,1145269
2020-08-05,3300.75,3323.25,3292.0,3316.0,3316.0,1116787
2020-08-06,3317.0,3345.5,3300.5,3344.25,3344.25,1346665
2020-08-07,3343.75,3347.75,3322.25,3344.75,3344.75,1615367
2020-08-10,3347.0,3357.25,3329.0,3352.75,3352.75,1201751
2020-08-11,3350.25,3379.0,3319.5,3330.0,3330.0,1733040
2020-08-12,3339.5,3382.5,3326.25,3370.0,3370.0,1408718
2020-08-13,3367.75,3382.0,3357.5,3367.75,3367.75,1205758
2020-08-14,3369.25,3380.5,3350.0,3361.5,3361.5,1084771
2020-08-17,3366.0,3382.75,3364.75,3379.75,3379.75,759304
2020-08-18,3379.25,3390.75,3365.25,3387.0,3387.0,1019552
2020-08-19,3388.75,3395.75,3365.5,3372.75,3372.75,1368420
2020-08-20,3370.25,3387.0,3344.75,3380.75,3380.75,1203334
2020-08-21,3383.5,3396.25,3356.75,3392.5,3392.5,1221450
2020-08-24,3398.75,3429.5,3393.5,3427.5,3427.5,1282950
2020-08-25,3427.0,3448.75,3421.75,3443.0,3443.0,1133837
2020-08-26,3444.75,3483.5,3436.75,3480.25,3480.25,1277539
2020-08-27,3479.5,3498.25,3464.75,3485.25,3485.25,1633581
2020-08-28,3488.0,3509.5,3480.75,3504.5,3504.5,1248430
2020-08-31,3508.5,3524.5,3490.0,3499.0,3499.0,1439600
2020-09-01,3493.25,3530.0,3484.25,3527.0,3527.0,1283622
2020-09-02,3529.0,3587.0,3526.25,3579.25,3579.25,1853078
2020-09-03,3578.75,3586.5,3424.5,3461.5,3461.5,2872337
2020-09-04,3454.75,3484.25,3347.75,3417.5,3417.5,2994363
2020-09-08,3420.5,3447.0,3327.5,3335.5,3335.5,2732946
2020-09-09,3315.25,3424.0,3295.5,3400.25,3400.25,2011132
2020-09-10,3396.0,3424.25,3327.25,3340.5,3340.5,2332667
2020-09-11,3345.25,3375.0,3308.75,3333.75,3333.75,1876451
2020-09-14,3350.0,3402.75,3345.5,3382.5,3382.5,1378626
2020-09-15,3379.5,3419.0,3376.0,3405.25,3405.25,874366
2020-09-16,3405.0,3429.75,3384.0,3389.5,3389.5,571749
2020-09-17,3392.75,3396.5,3320.5,3361.5,3361.5,384917
2020-09-18,3355.75,3374.25,3341.75,3353.60009765625,3353.60009765625,2365554
2020-09-21,3314.5,3326.25,3217.75,3275.0,3275.0,2507980
2020-09-22,3271.5,3309.5,3256.5,3299.25,3299.25,1576319
2020-09-23,3303.75,3319.75,3221.0,3231.25,3231.25,1979661
2020-09-24,3228.0,3268.25,3198.0,3238.0,3238.0,2277010
2020-09-25,3243.5,3296.25,3206.5,3287.25,3287.25,1697090
2020-09-28,3291.0,3351.25,3287.5,3346.0,3346.0,1495804
2020-09-29,3348.75,3363.0,3316.5,3333.75,3333.75,1326597
2020-09-30,3330.0,3384.0,3291.25,3352.0,3352.0,2170601
2020-10-01,3344.75,3388.0,3343.25,3367.75,3367.75,1517912
2020-10-02,3367.0,3375.5,3300.25,3339.25,3339.25,2028921
2020-10-05,3360.0,3400.0,3346.5,3393.0,3393.0,1077474
2020-10-06,3392.0,3421.75,3330.5,3353.25,3353.25,1701062
2020-10-07,3338.0,3416.75,3332.25,3406.75,3406.75,1400616
2020-10-08,3406.25,3447.25,3405.5,3437.5,3437.5,1104986
2020-10-09,3447.25,3480.0,3445.25,3473.25,3473.25,1185272
2020-10-12,3467.5,3541.0,3464.25,3532.75,3532.75,1401063
2020-10-13,3534.0,3535.75,3491.5,3504.75,3504.75,1617226
2020-10-14,3502.0,3524.0,3472.0,3481.0,3481.0,1539718
2020-10-15,3479.25,3486.5,3431.5,3475.5,3475.5,1650150
2020-10-16,3478.5,3508.5,3461.25,3462.25,3462.25,1398947
2020-10-19,3471.0,3496.5,3410.75,3422.75,3422.75,1645853
2020-10-20,3436.0,3469.75,3418.75,3432.25,3432.25,1702183
2020-10-21,3437.0,3458.0,3420.5,3432.5,3432.5,1681275
2020-10-22,3430.25,3453.0,3402.5,3449.25,3449.25,1501259
2020-10-23,3455.75,3462.5,3431.5,3451.75,3451.75,1216313
2020-10-26,3445.75,3446.25,3356.0,3393.5,3393.5,1957780
2020-10-27,3394.25,3410.0,3368.25,3383.0,3383.0,1566246
2020-10-28,3369.0,3370.25,3260.75,3263.5,3263.5,2627180
2020-10-29,3279.0,3333.75,3250.25,3302.25,3302.25,1965277
2020-10-30,3268.0,3296.25,3225.0,3264.75,3264.75,2494925
2020-11-02,3260.0,3323.5,3243.25,3300.5,3300.5,1849320
2020-11-03,3304.0,3382.75,3301.25,3361.5,3361.5,1664690
2020-11-04,3362.75,3480.0,3319.0,3435.0,3435.0,2813083
2020-11-05,3448.0,3522.5,3428.25,3504.75,3504.75,1671417
2020-11-06,3508.75,3519.0,3456.75,3500.75,3500.75,1640000
2020-11-09,3522.5,3668.0,3515.75,3544.0,3544.0,2605322
2020-11-10,3549.5,3562.75,3506.5,3541.0,3541.0,2160319
2020-11-11,3546.25,3576.75,3531.0,3568.0,3568.0,1324983
2020-11-12,3574.5,3574.5,3513.0,3532.5,3532.5,1685890
2020-11-13,3537.5,3590.0,3518.0,3582.0,3582.0,1334530
2020-11-16,3587.0,3637.0,3586.5,3623.0,3623.0,1303941
2020-11-17,3625.5,3630.0,3584.25,3606.75,3606.75,1268206
2020-11-18,3604.5,3623.25,3556.5,3565.0,3565.0,1325309
2020-11-19,3562.0,3582.75,3542.25,3580.0,3580.0,1291117
2020-11-20,3560.0,3582.5,3542.75,3554.25,3554.25,1189621
2020-11-23,3546.5,3588.0,3545.5,3576.0,3576.0,1204848
2020-11-24,3576.0,3640.0,3575.25,3632.75,3632.75,1288993
2020-11-25,3635.5,3655.0,3615.25,3627.25,3627.25,1016343
2020-11-30,3643.75,3652.0,3592.25,3623.25,3623.25,1712274
2020-12-01,3631.0,3677.5,3626.0,3660.5,3660.5,1365328
2020-12-02,3661.25,3672.75,3642.25,3667.25,3667.25,1106696
2020-12-03,3671.0,3682.0,3655.25,3664.5,3664.5,1124033
2020-12-04,3668.25,3700.0,3665.5,3698.0,3698.0,991860
2020-12-07,3694.75,3705.0,3672.25,3690.75,3690.75,1078372
2020-12-08,3682.75,3708.0,3664.25,3702.0,3702.0,1119000
2020-12-09,3707.75,3714.75,3659.5,3672.5,3672.5,1792176
2020-12-10,3669.5,3681.25,3644.0,3668.5,3668.5,1601203
2020-12-11,3670.0,3674.75,3628.25,3661.25,3661.25,1538362
2020-12-14,3677.75,3698.0,3642.75,3646.5,3646.5,1486250
2020-12-15,3653.0,3695.75,3642.75,3694.5,3694.5,1029503
2020-12-16,3697.75,3711.5,3687.0,3700.75,3700.75,584711
2020-12-17,3704.5,3724.75,3699.5,3721.25,3721.25,292916
2020-12-18,3721.5,3733.25,3707.75,3726.25,3726.25,1731161
2020-12-21,3718.25,3724.0,3596.0,3685.75,3685.75,1837575
2020-12-22,3685.0,3695.0,3663.75,3677.25,3677.25,1104998
2020-12-23,3674.25,3701.75,3651.0,3681.5,3681.5,1021819
2020-12-28,3682.0,3732.25,3676.0,3727.5,3727.5,760654
2020-12-29,3731.0,3747.75,3714.5,3720.0,3720.0,992636
2020-12-30,3724.5,3738.25,3716.5,3724.25,3724.25,769995
2020-12-31,3725.0,3753.0,3715.0,3748.75,3748.75,993343
2021-01-04,3748.75,3773.25,3652.5,3692.25,3692.25,2037616
2021-01-05,3695.0,3730.0,3673.25,3718.25,3718.25,1414022
2021-01-06,3717.5,3774.75,3685.5,3740.5,3740.5,2127155
2021-01-07,3752.5,3804.0,3742.0,3795.5,3795.5,1302021
2021-01-08,3797.75,3824.5,3775.0,3817.5,3817.5,1619438
2021-01-11,3815.5,3820.75,3776.5,3792.0,3792.0,1292422
2021-01-12,3794.25,3806.75,3768.0,3794.5,3794.5,1216214
2021-01-13,3792.0,3813.5,3776.5,3803.75,3803.75,1049186
2021-01-14,3808.5,3817.75,3786.25,3791.25,3791.25,1170812
2021-01-15,3793.0,3797.75,3741.5,3762.25,3762.25,1781463
2021-01-19,3750.0,3797.0,3740.5,3790.5,3790.5,1315580
2021-01-20,3796.75,3852.5,3788.5,3845.0,3845.0,1248787
2021-01-21,3841.5,3859.75,3836.5,3846.0,3846.0,1068271
2021-01-22,3846.75,3849.0,3813.25,3834.25,3834.25,1186856
2021-01-25,3835.5,3853.25,3788.5,3848.5,3848.5,1763898
2021-01-26,3845.0,3862.25,3821.5,3842.5,3842.5,1172461
2021-01-27,3845.25,3853.0,3706.5,3744.25,3744.25,2572020
2021-01-28,3735.25,3823.5,3703.5,3779.25,3779.25,2149910
2021-01-29,3770.25,3777.25,3685.5,3705.25,3705.25,2691820
2021-02-01,3692.25,3777.0,3656.5,3765.75,3765.75,1687396
2021-02-02,3764.75,3835.75,3760.0,3818.25,3818.25,1419765
2021-02-03,3829.5,3843.5,3807.75,3823.5,3823.5,1285692
2021-02-04,3832.75,3869.75,3811.25,3864.5,3864.5,1136404
2021-02-05,3864.25,3888.25,3860.0,3880.25,3880.25,1138874
2021-02-08,3889.0,3911.25,3885.5,3908.0,3908.0,972437
2021-02-09,3910.5,3913.25,3895.0,3905.5,3905.5,881922
2021-02-10,3912.25,3928.5,3878.25,3903.0,3903.0,1560824
2021-02-11,3907.0,3920.5,3884.5,3912.0,3912.0,1296054
2021-02-12,3905.25,3936.25,3890.25,3931.0,3931.0,1050298
2021-02-16,3936.5,3959.25,3918.75,3927.75,3927.75,1450425
2021-02-17,3929.0,3932.25,3896.5,3928.0,3928.0,1382825
2021-02-18,3928.25,3936.0,3880.5,3909.5,3909.5,1536949
2021-02-19,3910.5,3931.0,3890.25,3903.0,3903.0,1427294
2021-02-22,3905.5,3914.5,3861.25,3873.5,3873.5,1514278
2021-02-23,3878.0,3896.0,3804.75,3878.0,3878.0,2282940
2021-02-24,3876.25,3927.75,3851.75,3922.5,3922.5,1944661
2021-02-25,3923.5,3934.5,3810.25,3828.0,3828.0,2863387
2021-02-26,3823.25,3858.5,3785.0,3809.25,3809.25,3010481
2021-03-01,3817.25,3912.0,3812.5,3898.75,3898.75,1692835
2021-03-02,3903.25,3906.5,3865.5,3867.5,3867.5,1641396
2021-03-03,3867.5,3898.0,3813.0,3816.75,3816.75,2203398
2021-03-04,3818.0,3842.25,3720.5,3765.5,3765.5,3192468
2021-03-05,3765.5,3850.0,3728.5,3839.0,3839.0,2948117
2021-03-08,3854.75,3878.75,3796.25,3819.25,3819.25,2198363
2021-03-09,3831.25,3901.25,3826.25,3873.25,3873.25,1704837
2021-03-10,3878.5,3916.25,3856.25,3896.5,3896.5,1845205
2021-03-11,3907.75,3958.5,3893.0,3936.75,3936.75,1599748
2021-03-12,3937.5,3947.5,3910.25,3942.25,3942.25,1448886
2021-03-15,3945.75,3969.75,3922.25,3967.5,3967.5,1295099
2021-03-16,3967.0,3980.5,3952.75,3962.5,3962.5,887247
2021-03-17,3967.5,3983.75,3935.25,3974.0,3974.0,520411
2021-03-18,3972.0,3988.75,3911.0,3916.5,3916.5,335435
2021-03-19,3923.75,3934.25,3908.0,3912.6201171875,3912.6201171875,2047619
2021-03-22,3893.5,3944.5,3885.0,3930.0,3930.0,1325987
2021-03-23,3933.25,3938.75,3890.5,3899.75,3899.75,1877976
2021-03-24,3905.75,3931.5,3877.5,3880.75,3880.75,2063480
2021-03-25,3882.75,3909.5,3843.25,3900.5,3900.5,2279488
2021-03-26,3907.5,3968.0,3900.75,3964.75,3964.75,1984060
2021-03-29,3962.25,3971.25,3928.75,3959.0,3959.0,2003052
2021-03-30,3965.25,3968.5,3933.75,3947.75,3947.75,1590486
2021-03-31,3949.5,3983.75,3941.5,3967.5,3967.5,1642169
2021-04-01,3967.5,4015.25,3964.5,4010.0,4010.0,1245846
2021-04-05,4030.0,4073.75,4021.0,4067.75,4067.75,1250666
2021-04-06,4069.75,4076.0,4052.25,4064.0,4064.0,1252163
2021-04-07,4067.0,4075.5,4056.5,4070.0,4070.0,1101579
2021-04-08,4074.25,4098.5,4072.5,4089.0,4089.0,988346
2021-04-09,4098.0,4121.5,4081.0,4119.5,4119.5,1090560
2021-04-12,4114.25,4124.5,4104.5,4120.25,4120.25,1089291
2021-04-13,4122.75,4139.75,4101.25,4132.75,4132.75,1081282
2021-04-14,4134.75,4144.0,4113.0,4118.0,4118.0,1529562
2021-04-15,4123.5,4166.5,4119.5,4162.5,4162.5,1277980
2021-04-16,4162.75,4183.5,4154.25,4176.25,4176.25,1304078
2021-04-19,4165.0,4174.75,4141.75,4155.5,4155.5,1618649
2021-04-20,4156.25,4167.25,4110.5,4126.5,4126.5,1700883
2021-04-21,4121.25,4167.25,4113.0,4164.75,4164.75,1505474
2021-04-22,4157.5,4171.75,4115.25,4127.75,4127.75,1944942
2021-04-23,4129.0,4186.75,4127.5,4171.5,4171.5,1509514
2021-04-26,4170.75,4186.0,4163.75,4179.5,4179.5,1019731
2021-04-27,4181.5,4192.5,4166.75,4179.0,4179.0,992029
2021-04-28,4180.25,4193.75,4172.75,4176.25,4176.25,1282972
2021-04-29,4184.75,4211.0,4168.0,4203.5,4203.5,1746965
2021-04-30,4200.75,4201.5,4167.25,4174.5,4174.5,1746965
